CUST ID,first_name,last_name,gender,Salary,Married
1,Zorina,McLugish,Female,39298.32,false
2,Augustin,Roof,Male,37738.24,true
3,Mara,Le Pine,Female,22087.98,true
4,Alonzo,Still,Male,30414.46,true
5,Lani,Edington,Female,20802.11,true
6,Gerda,Adamides,Female,16155.21,false
7,Hi,Glander,Male,14731.32,true
8,Pietro,Swyre,Male,14164.32,true
9,Carlina,Westcar,Female,15870.15,false
10,Lucio,Matschke,Male,25936.13,false
11,Melinda,Rixon,Female,13291.83,false
12,Arlen,Tenant,Female,26192.55,false
13,Sabra,Trump,Female,18868.70,true
14,Ermin,Deinhard,Male,39305.05,false
15,Ofilia,Wassell,Female,29669.00,true
16,Linnell,Basden,Female,33087.31,false
17,Brynne,Duggary,Female,26099.37,false
18,Elinor,Fields,Female,26868.16,false
19,Jacqueline,Drinkhill,Female,24889.39,true
20,Heinrik,Dann,Male,33551.67,true
21,Omero,Venning,Male,37330.87,false
22,Hyatt,Dudny,Male,21384.14,false
23,Ellwood,Mazzia,Male,25324.20,false
24,Stephen,Ashbrook,Male,38413.43,true
25,Meriel,Dudenie,Female,27108.13,false
26,Angelica,Buckwell,Female,27653.31,false
27,Kurtis,Bloss,Male,35035.87,true
28,Rouvin,Fitzpayn,Male,36246.89,true
29,Moyna,Rahl,Female,18530.68,false
30,Norton,Withrington,Male,20244.74,true
31,Jarad,Bisterfeld,Male,22297.35,true
32,Lura,Nunnerley,Female,27334.70,false
33,Sawyer,Conboy,Male,22351.77,true
34,Nola,Samworth,Female,29956.13,true
35,Margareta,Bockler,Female,17015.26,false
36,Fletch,Powderham,Male,26733.64,true
37,Stearne,Bockett,Male,23678.09,true
38,Harmonie,MacGilfoyle,Female,20080.01,false
39,Quint,Laise,Male,31893.52,false
40,Cory,Bannard,Female,17010.66,false
41,Felice,Massei,Female,30592.40,false
42,Renaud,Harrild,Male,27427.11,false
43,Haroun,Billsberry,Male,34268.02,true
44,Marcille,Dallosso,Female,37462.25,false
45,Antoni,Habron,Male,13871.98,true
46,Lennard,Salmon,Male,18260.93,true
47,Durand,Kryska,Male,30856.40,true
48,Lydon,Becconsall,Male,19838.02,false
49,Isaak,Heatley,Male,14385.61,false
50,Nissa,Ludewig,Female,32639.53,true
51,Mellicent,Oxford,Female,13437.75,false
52,Benton,Caney,Male,34501.20,true
53,Harp,Havock,Male,17558.96,true
54,Imogene,Ricciardo,Female,13186.52,false
55,Land,Hartell,Male,15983.81,false
56,Thekla,Andryushin,Female,35516.51,false
57,Maure,Sorey,Female,17348.11,true
58,Martie,Pendle,Male,13415.16,true
59,Camella,Greste,Female,29398.02,false
60,Delcine,Smitheram,Female,13291.68,false
61,Rafe,Domingues,Male,14333.62,false
62,Johann,Heppenspall,Male,18307.62,false
63,Lorain,Avory,Female,29141.27,true
64,Tillie,Jaslem,Female,19744.42,false
65,Zia,Brettoner,Female,37814.29,false
66,Dorian,Ebbs,Male,28067.94,true
67,Baryram,Labusch,Male,32889.39,false
68,Guenna,Buckell,Female,19538.95,false
69,Lurette,Vorley,Female,23692.29,false
70,Ricoriki,Treece,Male,30855.65,true
71,Missy,Guille,Female,28543.82,true
72,Vyky,Bebb,Female,38957.55,false
73,Fitzgerald,Border,Male,33887.08,false
74,Bud,Churches,Male,21447.66,true
75,Rochelle,Ribbens,Female,36628.36,false
76,Pippy,Tailour,Female,14664.69,true
77,Natale,Smyth,Male,19129.87,false
78,Cristine,Bodill,Female,35054.23,false
79,Nanete,Miners,Female,29925.78,true
80,Norina,Bletsor,Female,18495.99,false
81,Holt,Huskisson,Male,34006.16,true
82,Joni,Vasilov,Female,28128.03,false
83,Terrence,Bartusek,Male,17275.35,false
84,Julina,Eager,Female,22688.68,false
85,Burton,Steffens,Male,32500.49,true
86,Merci,Mulcaster,Female,32216.81,false
87,Lee,Doyle,Male,37730.02,false
88,Lemmie,Beaston,Male,25599.51,false
89,Demetria,MacIlriach,Female,26318.51,true
90,Emelina,Wait,Female,21262.04,true
91,Rosaleen,Spilling,Female,21216.72,false
92,Edna,Gleaves,Female,26817.11,true
93,Kamila,Fantone,Female,36548.49,true
94,Abe,Bonellie,Male,34911.61,false
95,Noell,Wathey,Female,19358.79,true
96,Marrilee,O'Donoghue,Female,15089.01,true
97,Chickie,Hammerman,Male,19056.05,false
98,Edwina,Crutchfield,Female,30741.75,false
99,Wyatan,Hendricks,Male,37045.57,false
100,Maggee,Kleimt,Female,17770.48,true
101,Demetris,Hadleigh,Male,34629.02,true
102,Benyamin,Mossdale,Male,18264.07,false
103,Kermit,Odams,Male,37758.34,false
104,Giacomo,Sjostrom,Male,35681.37,false
105,Kendra,Antos,Female,22103.04,false
106,Lydon,Damerell,Male,14810.14,false
107,Tommy,Bartunek,Male,29523.29,true
108,Delphinia,Hawick,Female,37654.27,false
109,Rozanna,Mangenet,Female,33101.10,true
110,Waylen,Dinzey,Male,21522.58,false
111,Kinnie,Ithell,Male,35959.10,true
112,Teodorico,O'Halloran,Male,25683.58,false
113,Towny,Mayling,Male,34781.07,true
114,Marinna,Ferrarin,Female,32601.30,true
115,Rockey,McKeefry,Male,21556.96,false
116,Obadias,Carp,Male,15051.79,true
117,Karlan,Godmar,Male,37171.61,true
118,Ashleigh,Yearby,Female,24668.64,true
119,Rozamond,Wasielewski,Female,26832.91,false
120,Channa,Pfeffle,Female,16132.62,true
121,Jean,Sima,Female,13867.61,true
122,Moe,Christensen,Male,30201.57,true
123,Sophronia,Maro,Female,33546.88,true
124,Bari,Campany,Female,37598.73,true
125,Gilligan,Danilin,Female,32921.17,true
126,Steve,Tincombe,Male,23039.85,true
127,Inna,Denham,Female,28447.47,false
128,Jermaine,Armstrong,Male,32750.41,true
129,Elinor,Scudder,Female,36119.55,true
130,Aron,Shrive,Male,29074.12,true
131,Alejandrina,Dyter,Female,24576.71,false
132,Ronnica,Figgen,Female,35173.22,true
133,Muffin,Silcocks,Female,26472.77,true
134,Cathleen,Gillson,Female,20038.62,false
135,Judah,Rylatt,Male,36597.09,true
136,Fremont,Hearns,Male,36437.94,true
137,Fabe,Bullen,Male,32444.68,true
138,Maddalena,Arcase,Female,38811.19,true
139,Jannel,Luno,Female,15561.87,true
140,Dari,Ginnell,Female,39863.22,true
141,Joletta,Ayrton,Female,30009.96,false
142,Amalia,Basant,Female,19050.38,true
143,Doris,Bedbury,Female,34708.39,true
144,Feliks,Rive,Male,30413.97,false
145,Vachel,de Wilde,Male,35539.49,true
146,Chiarra,Warry,Female,36070.95,true
147,Denys,Diss,Female,34762.85,true
148,Gib,Preble,Male,19316.28,true
149,Ennis,Renton,Male,20404.56,true
150,Filip,Snelling,Male,31859.52,false
151,Roderic,Ramshaw,Male,34192.65,false
152,Ricky,Duesbury,Male,13911.27,true
153,Anya,Derl,Female,26060.04,false
154,Cathrin,Crudgington,Female,36586.10,true
155,Lotte,Daniau,Female,35958.15,true
156,Iain,Le Blanc,Male,32896.79,true
157,Brenna,Tomankowski,Female,15491.46,false
158,Jillie,Duddan,Female,37727.53,true
159,Bernetta,Coronas,Female,23781.22,false
160,Gwen,Tavner,Female,24060.70,false
161,Aurlie,Grigolashvill,Female,39009.96,false
162,Waylan,Ashby,Male,17724.08,true
163,Shaylyn,Fozzard,Female,33884.29,false
164,Pail,Gush,Male,36948.45,false
165,Sue,Raitt,Female,35162.27,true
166,Clevie,Friar,Male,14973.92,true
167,Silvie,Ivanikov,Female,34193.81,true
168,Starlin,Mulligan,Female,25232.07,false
169,Antonina,Newcom,Female,20281.14,true
170,Felisha,Gellion,Female,25887.64,true
171,Roana,Nash,Female,15466.03,true
172,Der,Croxon,Male,16202.36,false
173,Billye,Shark,Female,38701.46,true
174,Jerri,Fuidge,Male,17362.95,true
175,Suzi,Tremoille,Female,27033.91,false
176,Morrie,Heindrich,Male,17354.94,false
177,Verene,Gavigan,Female,35954.12,false
178,Olivero,Teissier,Male,29446.08,false
179,Abbe,Benedito,Female,31125.48,false
180,Darci,Chesshyre,Female,27116.78,true
181,Loy,Matteini,Male,37845.48,false
182,Micah,Hadlington,Male,19300.47,false
183,Marin,Candwell,Female,25795.22,false
184,Nikkie,Richardet,Female,32675.60,false
185,Chandler,McClintock,Male,13456.06,true
186,Devy,Koppel,Male,17951.78,false
187,Garik,Fleetham,Male,18242.25,true
188,Melony,Cramphorn,Female,13172.06,true
189,Tanitansy,Rash,Female,13427.15,false
190,Dorene,Worcester,Female,33823.96,false
191,Sammy,Rolfs,Female,17237.72,true
192,Glenda,Falla,Female,25459.79,true
193,Mersey,Joslow,Female,29037.13,false
194,Karoly,Bamforth,Male,33193.04,true
195,Tull,Grinnikov,Male,18554.28,false
196,Kelley,Fitch,Male,19226.36,true
197,Arnaldo,Stoddart,Male,26264.54,false
198,De witt,Whicher,Male,32312.45,false
199,Eugen,Cornfoot,Male,19858.82,true
200,Minda,Povall,Female,23372.97,true
201,Renelle,de Cullip,Female,38383.35,true
202,Wilfred,Norwell,Male,38663.14,false
203,Wendel,Scholtis,Male,18210.89,true
204,Michaelina,Harvie,Female,36636.69,true
205,Raymond,Sinncock,Male,23283.85,false
206,Pearla,Crotty,Female,23966.34,true
207,Vinita,Emmanueli,Female,24540.46,true
208,Gracia,Cragoe,Female,21169.37,true
209,Domeniga,O'Hickey,Female,33511.53,false
210,Leilah,Lannon,Female,15293.45,false
211,Bent,Degg,Male,27403.86,true
212,Valery,Grigoryov,Female,23893.76,true
213,Elston,Jachtym,Male,21842.87,true
214,Bucky,Dover,Male,19492.54,false
215,Zach,Bescoby,Male,16248.68,false
216,Genovera,Frankling,Female,32698.56,false
217,Ryon,Vallantine,Male,13896.24,true
218,Harris,Bellworthy,Male,24172.35,true
219,Margit,Gawthorp,Female,30157.76,true
220,Sollie,Markovich,Male,21521.43,false
221,Rozina,Boustead,Female,32587.32,false
222,Silvanus,Petrushka,Male,22150.96,true
223,Haskell,Frogley,Male,17234.57,false
224,Eryn,Manicom,Female,17750.37,true
225,Lacie,Barnwell,Female,34523.23,true
226,Drusi,Embury,Female,34753.18,true
227,Victoria,Korpal,Female,39523.72,true
228,Nike,Imloch,Female,36460.79,true
229,Trumann,Rosborough,Male,16396.38,false
230,Carmine,Beldham,Female,21662.53,false
231,Clint,Meaking,Male,35633.70,true
232,Kim,Hutcheson,Male,34668.80,false
233,Cherianne,Van Waadenburg,Female,37388.20,true
234,Levin,Markwick,Male,27219.97,false
235,Locke,Petegrew,Male,24981.07,false
236,Orland,O Sullivan,Male,17296.20,false
237,Valene,de Mullett,Female,33556.12,false
238,Deidre,Coaker,Female,31767.99,false
239,Arnaldo,Butner,Male,21540.87,false
240,Powell,McNish,Male,29560.05,true
241,Yorke,Edney,Male,39183.09,false
242,Loren,Hyndley,Female,27458.99,true
243,Emerson,Gheorghie,Male,22491.50,true
244,Emanuele,Swannack,Male,29791.95,false
245,Elihu,Collier,Male,24658.02,false
246,Brittan,Olanda,Female,31346.78,false
247,Kimberli,Moens,Female,36082.62,true
248,Dacia,Allcott,Female,15604.72,true
249,Caroline,Stronach,Female,29034.83,true
250,Garnette,Bergstram,Female,22849.57,false
251,Kinnie,Basham,Male,23685.03,false
252,Xever,Bolliver,Male,30627.46,true
253,Conant,Edmenson,Male,37777.56,true
254,Raddie,Holleworth,Male,22685.56,true
255,Benni,Coombe,Female,24729.39,false
256,Salomi,Jewel,Female,36651.59,true
257,Cecily,Moultrie,Female,36062.75,true
258,Alli,Bagenal,Female,20651.68,false
259,Vonni,O'Brollachain,Female,23297.23,false
260,Rafaela,Mair,Female,26092.77,true
261,Vittoria,Ziebart,Female,37933.40,true
262,Holden,Churching,Male,17113.23,false
263,Baillie,Suggitt,Male,25285.75,false
264,Beau,Finch,Male,26048.73,true
265,Constantine,Gracey,Female,25990.44,true
266,Corty,Schade,Male,39391.55,true
267,Chelsea,Ferrulli,Female,16954.37,true
268,Raine,Iremonger,Female,34546.80,false
269,Wayne,MacCurley,Male,25574.40,false
270,Dorisa,Downey,Female,14918.44,false
271,Denys,Bartlet,Male,28749.36,true
272,Gabrila,Halford,Female,27053.08,true
273,Clarissa,De Vaux,Female,17064.23,false
274,Micki,Brizell,Female,33541.73,false
275,Tad,Camelia,Male,26970.47,false
276,Colline,Muddicliffe,Female,36713.14,false
277,Tamiko,Kingsly,Female,39577.14,false
278,Niel,Dwelly,Male,35863.91,true
279,Alanson,Rabson,Male,25063.47,true
280,Benn,Dowell,Male,33362.55,true
281,Francesco,Starmont,Male,32748.20,false
282,Erhard,Catterall,Male,32704.67,true
283,Karlen,Aymes,Female,29807.13,true
284,Osbourne,Giercke,Male,18059.99,false
285,Joana,Coode,Female,21015.27,true
286,Thomasa,Allatt,Female,33108.40,true
287,Chrotoem,Jerg,Male,31163.71,true
288,Godart,Beedom,Male,15594.15,true
289,Gard,Duley,Male,36114.50,false
290,Laura,Garratty,Female,23494.76,false
291,Pierson,Lusher,Male,22983.78,true
292,Carroll,Purser,Male,22180.89,false
293,Salomon,Gateley,Male,18988.38,true
294,Sidoney,Edess,Female,39075.17,false
295,Matty,Gladman,Male,39537.96,true
296,Bernardine,Joannic,Female,30703.96,true
297,Jozef,Prattington,Male,29096.10,true
298,Cam,Medler,Female,36671.78,false
299,Obie,Portis,Male,37293.60,true
300,Raoul,Brimblecomb,Male,17583.54,false
301,Candide,Laguerre,Female,39356.29,true
302,Leone,Castelletti,Female,26472.99,true
303,Jorry,Burwin,Female,28162.73,false
304,Kristofor,Gooley,Male,32282.03,true
305,Ellen,Straker,Female,37856.38,true
306,Zonnya,Jeffcoat,Female,37869.79,false
307,Adah,O'Duane,Female,38685.14,false
308,Edouard,Moncrieffe,Male,21541.32,false
309,Tammy,Bellham,Female,28785.15,false
310,Broderic,Seligson,Male,18155.90,true
311,Heddi,Barclay,Female,18506.41,true
312,Ronald,Algar,Male,29621.82,false
313,Vinny,Croydon,Female,30099.49,true
314,Glynn,Shermar,Male,36881.89,true
315,Kelsy,Koenen,Female,31902.26,false
316,Annice,Bygate,Female,30245.33,false
317,Casey,Bygrave,Male,33379.03,true
318,Carol-jean,Saintsbury,Female,32216.05,true
319,Doti,Gamet,Female,33747.43,false
320,Valerie,Ricca,Female,33662.41,true
321,Jocko,Ormston,Male,35729.90,true
322,Aeriela,Ishchenko,Female,32430.14,true
323,Jarrod,de Amaya,Male,19177.41,true
324,Albert,Lambdin,Male,13410.81,true
325,Jakob,Plail,Male,25367.42,false
326,Barth,MacCheyne,Male,21998.49,true
327,Alonso,Hullot,Male,18582.96,true
328,Curtis,Grayer,Male,24466.66,true
329,Lyn,Benjefield,Female,30885.49,true
330,Sallie,Godby,Female,35967.33,false
331,Vita,Fucher,Female,28714.66,false
332,Flory,Paal,Female,20109.54,false
333,Tod,Dict,Male,29584.33,true
334,Glenda,Gutteridge,Female,32713.16,false
335,Aili,Cremer,Female,20873.49,true
336,Giffer,Ferreli,Male,30423.54,false
337,Bianka,Thominga,Female,26788.11,true
338,Valera,Jubert,Female,25216.25,true
339,Josefa,Friman,Female,29381.87,true
340,Mohandas,Kenlin,Male,38807.35,true
341,Mary,Woolens,Female,13750.16,true
342,Helsa,Delooze,Female,14524.65,true
343,Wilhelm,Akitt,Male,20621.76,false
344,Andrea,Pavel,Female,15440.46,false
345,Ewart,Kirsz,Male,30010.71,false
346,Lyell,Berndsen,Male,15566.57,true
347,Lincoln,Killeen,Male,20294.34,true
348,Lurlene,Kleszinski,Female,34417.31,false
349,Rufe,Quilty,Male,31694.62,true
350,Robbi,McGreal,Female,17503.82,false
351,Hortensia,Waller,Female,39981.67,false
352,Hermine,Sitlinton,Female,19476.72,true
353,Quinn,Henlon,Male,36550.87,true
354,Vannie,Hartfield,Female,31598.96,false
355,Alonzo,Dehmel,Male,13282.74,true
356,Dinnie,Brotherwood,Female,35534.21,false
357,Winslow,Epton,Male,33324.64,true
358,Gerladina,Tunstall,Female,39165.75,false
359,Audrie,Bastie,Female,29775.67,false
360,Arlinda,Yeatman,Female,32630.83,false
361,Falito,Ketteridge,Male,34563.04,true
362,Pace,Goldhill,Male,28395.66,false
363,Jack,Balam,Male,23644.56,false
364,Kirstin,Onraet,Female,18459.03,false
365,Pierce,Rogger,Male,20943.09,false
366,Elwood,Fairpo,Male,20604.39,true
367,Kare,Boyles,Female,28044.50,false
368,Ashly,Grandin,Female,23538.40,false
369,Paco,Lints,Male,31293.27,true
370,Vernor,Sare,Male,24553.14,false
371,Kerwin,Henric,Male,32758.23,true
372,Arabel,Fernehough,Female,33319.18,true
373,June,Bartram,Female,36354.16,true
374,Zacharie,Morgan,Male,14093.62,true
375,Shanan,Dominik,Male,13417.09,true
376,Charmine,McCrea,Female,39664.47,true
377,Crawford,Tukesby,Male,39144.38,false
378,Alan,Kilmaster,Male,24646.60,false
379,Vera,Eckels,Female,37200.93,false
380,Nicola,Bachellier,Male,19662.73,false
381,Zebulon,McGooch,Male,17863.73,true
382,Willie,Abeau,Female,33466.59,false
383,Marmaduke,Gourdon,Male,32289.85,true
384,Tiebold,Fewell,Male,21727.54,false
385,Tudor,Refford,Male,24330.13,false
386,Lenka,Bradborne,Female,28705.56,true
387,Jasun,MacAnulty,Male,25834.30,false
388,Hilly,Milne,Male,19240.88,false
389,Matthias,Critchlow,Male,29327.94,false
390,Horten,Domm,Male,22923.89,false
391,Basile,Mulles,Male,26977.97,false
392,Vinnie,Trevan,Female,35980.51,false
393,Rabi,Giercke,Male,19410.45,true
394,Bowie,Seagrave,Male,37284.61,false
395,Ignazio,Ivers,Male,30894.37,true
396,Anne,Soames,Female,22220.70,true
397,Krissy,Percy,Female,15204.72,true
398,Jarrad,Crossman,Male,27691.39,false
399,Fairleigh,Newarte,Male,28542.88,false
400,Violante,Adamolli,Female,15590.10,false
401,Catarina,Podmore,Female,19624.19,true
402,Kessiah,O'Shiel,Female,31471.23,true
403,Chalmers,Le Barr,Male,28685.19,false
404,Bernardina,Brodeau,Female,36689.08,true
405,Gwenny,Bernaciak,Female,16459.92,true
406,Matthiew,Colt,Male,17322.42,true
407,Devonna,Reinhart,Female,18655.46,false
408,Rutger,Albiston,Male,15462.17,true
409,Lilia,Moxom,Female,27599.09,true
410,Kevyn,Mault,Female,34673.46,false
411,Elianora,Attenbarrow,Female,29260.37,true
412,Xever,Bringloe,Male,31924.46,false
413,Annaliese,Ure,Female,31803.34,false
414,Coral,Degoix,Female,32712.11,true
415,June,Cantillon,Female,38574.66,false
416,Quincey,Skin,Male,20134.46,true
417,Leo,Linge,Male,30166.41,true
418,Aurie,Stathor,Female,37906.37,true
419,Ced,Leare,Male,32503.80,true
420,Cchaddie,Haswall,Male,36951.31,false
421,Shana,Pigeram,Female,30266.77,true
422,Gard,Kolyagin,Male,15687.34,true
423,Wilfrid,Limmer,Male,33384.14,true
424,Gusella,Clarridge,Female,33247.46,false
425,Townsend,Overington,Male,25779.01,true
426,Carlene,Carrodus,Female,28782.62,false
427,Laurence,Iglesia,Male,19594.30,false
428,Julieta,Gemmill,Female,15802.59,true
429,Duffie,Georgot,Male,24268.32,false
430,Caryn,Elbourn,Female,21804.26,true
431,Josepha,Lockyer,Female,35748.27,false
432,Reeba,Ackland,Female,27811.98,true
433,Wilow,Rishbrook,Female,38755.91,true
434,Sande,Wastie,Female,15134.61,false
435,Dominic,Janatka,Male,29898.61,true
436,Boycey,Goggey,Male,34041.74,false
437,Chrystel,Humberston,Female,25548.92,true
438,Everett,Blain,Male,16848.63,true
439,Robers,Matiasek,Male,35626.12,false
440,Gun,Rikkard,Male,15035.86,false
441,Westbrook,Tillerton,Male,22110.32,true
442,Netti,McClaren,Female,20193.01,false
443,Barrett,Faircliff,Male,34801.72,false
444,Adlai,Klausen,Male,25680.50,true
445,Hillyer,Kindall,Male,34171.29,true
446,Dari,Trimming,Female,37756.43,false
447,Andy,Branson,Female,25116.23,true
448,Matias,De Lisle,Male,20708.40,false
449,Christophorus,Meharry,Male,23496.85,true
450,Kiel,Gerrels,Male,26679.43,false
451,Angy,Niles,Female,16058.51,false
452,Peyton,Enrich,Male,28340.71,true
453,Thibaut,Lanaway,Male,22717.25,true
454,Rosanne,Krause,Female,29750.94,false
455,Lamont,Abell,Male,14863.33,true
456,Ailsun,Baumler,Female,39725.25,true
457,Livia,O'Donnelly,Female,37847.96,true
458,Eda,Lillecrap,Female,38809.01,false
459,Adrianne,Anthes,Female,32569.56,false
460,Maximilian,Baldrey,Male,18778.79,false
461,Leupold,Rignoldes,Male,38625.43,false
462,Ava,Longforth,Female,13785.81,false
463,Marji,Arundel,Female,28182.05,false
464,Abagael,Gildroy,Female,25221.26,false
465,Glen,Worcester,Male,21148.59,false
466,Nobie,Searchwell,Male,27612.65,false
467,Cheston,Cropton,Male,20814.36,true
468,Alicea,Miall,Female,26883.65,true
469,Burtie,Satterthwaite,Male,31404.87,true
470,Kennett,Napper,Male,33896.39,true
471,Julieta,Rapinett,Female,30219.25,true
472,Max,Spondley,Female,33208.91,false
473,Chevalier,Smurfitt,Male,30490.80,false
474,Morna,Denziloe,Female,36440.83,false
475,Michele,Maiden,Male,19308.32,true
476,Tanhya,Grinston,Female,36883.82,false
477,Ermanno,Pomfrey,Male,37252.01,false
478,Zenia,Lock,Female,31504.36,false
479,Stearne,Snelling,Male,16669.99,true
480,Andreana,Widocks,Female,30940.80,true
481,Lionel,Claricoates,Male,39404.11,false
482,Siana,MacEvilly,Female,28982.30,true
483,Michelina,Ronnay,Female,14340.71,false
484,Hurleigh,Aucourte,Male,24097.77,false
485,Lizbeth,Kesteven,Female,17669.70,false
486,Brenn,Ondrus,Female,28763.44,true
487,Thatcher,Rankling,Male,16918.43,false
488,Edeline,Pulford,Female,16006.56,false
489,Harold,Noseworthy,Male,38667.02,false
490,Humbert,Padgham,Male,21744.54,true
491,Shara,Doorey,Female,16659.19,true
492,Luisa,Bust,Female,16575.47,false
493,Ingram,McMorran,Male,24700.86,true
494,Nathaniel,Seymour,Male,20952.84,false
495,Caryl,Trenfield,Female,26015.42,true
496,Erena,Andreassen,Female,39565.58,true
497,Budd,Domone,Male,19092.88,false
498,Eddi,Pilipets,Female,18080.79,true
499,Rosalinda,Tallach,Female,37695.03,false
500,Flem,Kahan,Male,18173.75,true
