CUST ID,first_name,last_name,gender,Salary,Married
1,Emile,Gaish,Male,37142.94,true
2,Tait,Dagnall,Male,31552.97,false
3,Benito,Deddum,Male,34599.19,true
4,Lucy,Bestwall,Female,33951.45,false
5,Damiano,Learoid,Male,16705.95,true
6,Krishnah,Ruscoe,Male,33786.70,true
7,Orin,McCluskey,Male,31627.99,true
8,Dyanne,Ferencowicz,Female,26071.49,true
9,Sean,Consadine,Male,34497.60,true
10,Sapphire,Stutter,Female,34538.89,false
11,Athene,Zoephel,Female,34449.41,true
12,Lebbie,Shevels,Female,39209.29,false
13,Gian,Janous,Male,13881.46,false
14,Legra,Tewkesberry,Female,29653.39,false
15,Biddy,Livings,Female,18144.62,false
16,Terrel,Carvell,Male,38252.10,false
17,Lyda,Ebrall,Female,25931.87,false
18,Dara,Pogg,Female,18702.13,false
19,Scotti,Hellen,Male,22358.42,false
20,Merci,Wetton,Female,34594.05,false
21,Dayna,Eversfield,Female,32684.37,false
22,Deni,Clingan,Female,22081.77,false
23,Arne,Bote,Male,32793.25,false
24,Mercy,Boule,Female,28574.39,false
25,Elayne,Clymo,Female,38800.70,true
26,Coleen,Joyce,Female,17199.13,false
27,Tedda,Arundale,Female,30530.80,true
28,Kendrick,Wickersham,Male,19013.31,false
29,Catriona,Frail,Female,22374.14,true
30,Joana,Penney,Female,32417.99,true
31,Germaine,Cowlin,Male,28020.45,false
32,Bail,Derobert,Male,13682.68,true
33,Karrah,Popelay,Female,13157.06,true
34,Noni,Yelyashev,Female,13724.09,false
35,Giusto,Mulroy,Male,39635.09,false
36,Sigmund,Klimaszewski,Male,25422.27,false
37,Perrine,Slatcher,Female,13519.63,true
38,Roobbie,Brosi,Female,22108.48,true
39,Darcey,McClounan,Female,34776.67,false
40,Bondy,Clarkson,Male,37571.14,true
41,Odo,Poyle,Male,26049.13,false
42,Chane,Foister,Male,19407.77,true
43,Anet,Pendrick,Female,30016.30,false
44,Michail,Buxsy,Male,22237.49,true
45,Jareb,Prahl,Male,22071.84,false
46,Elie,Manketell,Female,38632.96,true
47,Marje,Upstell,Female,38392.07,true
48,Celeste,Manueau,Female,21607.51,false
49,Zorine,Chastaing,Female,16884.38,false
50,Ginger,Tomasian,Female,33895.31,true
51,Genevieve,Corson,Female,23562.73,true
52,Tillie,Pearne,Female,22672.43,false
53,Eleni,Lokier,Female,38381.15,false
54,Morrie,Sparshott,Male,20717.11,true
55,Terrence,Jandl,Male,25448.04,false
56,Law,Quinnelly,Male,39357.72,false
57,Aile,Buffey,Female,35150.44,false
58,Jillian,Joinsey,Female,34997.49,true
59,Jerome,Crockett,Male,31530.45,false
60,Cahra,Schroder,Female,29784.27,true
61,Gilberto,Kirman,Male,35295.13,true
62,Jackie,Fretwell,Female,28195.66,true
63,Shaylah,Doul,Female,35868.23,true
64,Bobine,Orrey,Female,19480.69,false
65,Alphonso,Marr,Male,28048.16,true
66,Monroe,Flieger,Male,13240.66,true
67,Myer,O'Mailey,Male,37863.92,true
68,Amitie,Addicote,Female,39048.95,true
69,Leland,Hawkswood,Female,26888.55,true
70,Hilton,Rochester,Male,15366.99,false
71,Roger,Guswell,Male,29294.64,true
72,Monica,Clutheram,Female,28011.68,false
73,Bunnie,Madgin,Female,38018.16,true
74,Carny,Reijmers,Male,37683.20,false
75,Melanie,Salisbury,Female,22020.10,false
76,Pauline,Daniells,Female,38878.13,false
77,Minni,Gethins,Female,38073.19,true
78,Forester,Itchingham,Male,18969.64,true
79,Gerladina,Kelsey,Female,31046.80,false
80,Lenora,O'Glessane,Female,27672.28,false
81,Ralf,Karle,Male,36435.74,false
82,Katee,Czadla,Female,14984.89,true
83,Nancee,Faber,Female,24395.08,false
84,Brenn,Toffts,Female,37194.87,true
85,Renaldo,MacMakin,Male,21464.43,true
86,Dennis,Easeman,Male,24130.53,false
87,Megan,London,Female,34500.11,true
88,Mignon,Combes,Female,31124.76,false
89,Dorolisa,McRill,Female,23742.75,true
90,Zak,Gritskov,Male,31861.37,false
91,Karon,Ebbett,Female,36977.18,true
92,Dmitri,Cantillon,Male,38529.37,true
93,Kaleena,Esberger,Female,34588.47,false
94,Clint,Whewill,Male,31987.34,false
95,Shelby,Santore,Male,33834.60,true
96,Shelby,Hatchard,Female,25150.88,false
97,Collete,Nowland,Female,14521.29,false
98,Ken,Sinisbury,Male,27739.08,true
99,Min,McNee,Female,24729.17,true
100,Cece,Winridge,Male,35690.39,true
101,Horatius,Bernadon,Male,35627.73,false
102,Finlay,Cavanaugh,Male,17741.09,false
103,Kristopher,Creeboe,Male,29829.85,false
104,Seana,Kerr,Female,17683.39,false
105,Otes,Pirson,Male,16630.31,false
106,Sayres,Kliemchen,Male,39875.20,false
107,Wait,Jovasevic,Male,25678.40,false
108,Cort,Goadsby,Male,31142.87,false
109,Mayer,Files,Male,25176.23,true
110,Willy,Allcoat,Female,35070.81,true
111,Zach,Adamov,Male,26385.85,false
112,Eleonora,Fist,Female,19843.42,false
113,Samson,Shedd,Male,17569.47,false
114,Rube,Bumphries,Male,18385.80,true
115,Zonnya,Furbank,Female,35015.32,false
116,John,Oliva,Male,38356.28,false
117,Cyrill,Charker,Male,13518.40,false
118,Allen,Mence,Male,33446.57,true
119,Vaughn,Rohan,Male,16942.50,false
120,Reuben,Snozzwell,Male,17237.43,true
121,Silvio,Boreland,Male,25508.02,true
122,Brianne,Oatley,Female,28833.69,false
123,Carlynn,Grutchfield,Female,13109.90,false
124,Papageno,Klimek,Male,23539.09,true
125,Barnett,Welden,Male,34340.80,true
126,Cullan,MacHarg,Male,13049.48,true
127,Judas,Boyett,Male,16045.96,true
128,Hermina,Allanby,Female,37153.84,false
129,Barbabra,Aikenhead,Female,18583.72,true
130,Dawn,Cordier,Female,34987.40,true
131,Clotilda,Lemerle,Female,25874.69,true
132,Roana,Lowis,Female,26694.23,false
133,Jereme,St. Paul,Male,28048.63,true
134,Karim,Fruin,Male,39684.38,true
135,Teresita,Kain,Female,17660.90,true
136,Oswell,Hubber,Male,36632.12,false
137,Walden,Leipnik,Male,38811.64,true
138,Joeann,Pickett,Female,19569.87,true
139,Melanie,Biffen,Female,17029.31,false
140,Bertrand,Cowle,Male,28735.84,true
141,Conway,Dechelette,Male,37182.31,true
142,Rouvin,Falkous,Male,24426.99,false
143,Rhea,Batalle,Female,21124.40,true
144,Jeramie,Wilmott,Male,35143.92,true
145,Farris,Gumme,Male,38354.52,true
146,Aura,Wilkes,Female,33273.19,true
147,Hobey,Aldine,Male,14749.99,true
148,Joleen,Seargeant,Female,38809.77,false
149,Rosana,Danielczyk,Female,33834.42,true
150,Vachel,Traviss,Male,17583.92,true
151,Roland,Consadine,Male,25994.73,false
152,Alberta,Bell,Female,29967.02,true
153,Leonore,Bettenson,Female,36164.15,false
154,Selinda,Showalter,Female,31184.95,true
155,Lucila,Domerque,Female,18723.58,true
156,Ive,Corley,Male,29141.61,true
157,Alaster,Mathou,Male,21984.78,false
158,Ansell,O'Dulchonta,Male,39086.69,false
159,Angelle,Foulds,Female,38949.59,false
160,Nevins,Ginnally,Male,19975.64,true
161,Karleen,Treffrey,Female,24833.02,true
162,Brianne,Norquoy,Female,14350.87,false
163,Alano,Osman,Male,30884.36,true
164,Deloris,Vennart,Female,15975.48,true
165,Bernetta,Edensor,Female,28533.44,false
166,Ilario,Tesh,Male,22583.15,true
167,Nari,Scarce,Female,30743.96,true
168,Hedvig,Shorrock,Female,23761.77,true
169,Denys,Heinreich,Male,35874.82,true
170,Tallie,Dean,Male,29440.80,true
171,Tynan,Milkins,Male,31743.47,true
172,Bernadette,MacDuffie,Female,29950.03,false
173,Hinze,MacNair,Male,36539.56,true
174,Brendan,Hinstock,Male,36137.90,true
175,Ephrayim,Rowlatt,Male,24947.44,true
176,Jourdan,Pimme,Female,21846.54,false
177,Beverlie,Bellocht,Female,30092.99,false
178,Robina,Bessent,Female,39132.05,false
179,Honoria,Elkins,Female,39631.05,true
180,Shirlene,Douglas,Female,35990.73,false
181,Ammamaria,Lucchi,Female,17125.99,true
182,Birgit,Itzkowicz,Female,20380.52,true
183,Any,Ogelbe,Male,34312.19,true
184,Valma,Tall,Female,15315.11,false
185,Eula,Frickey,Female,23510.78,false
186,Tracey,Prout,Female,17646.55,false
187,Tonye,Farrier,Female,18759.66,false
188,Nance,Bussey,Female,28586.91,true
189,Tadio,Lorenz,Male,24112.52,true
190,Kinsley,Schrir,Male,27650.74,true
191,Desiri,Swett,Female,23973.94,false
192,Agatha,Gulc,Female,23307.95,false
193,Bondy,Libreros,Male,17671.11,false
194,Audrie,Chiplen,Female,20466.47,false
195,Tallou,McSporon,Female,27279.19,false
196,Riki,Kunkler,Female,19489.82,true
197,Javier,Naisbit,Male,25783.09,true
198,Hewitt,Sayre,Male,25844.35,false
199,Leonardo,Hughf,Male,21558.21,true
200,Cherry,Ferraraccio,Female,33798.03,true
201,Tonie,Pabel,Female,13424.42,false
202,Karry,Wilkison,Female,24192.64,false
203,Dick,Sleit,Male,16859.62,true
204,Batsheva,Darkin,Female,20005.74,false
205,Sephira,Hawksworth,Female,24526.88,false
206,Saw,Fishburn,Male,21052.95,false
207,Dante,Gateley,Male,19410.81,false
208,Erv,Treske,Male,39525.03,true
209,Sinclair,Cammell,Male,29769.01,false
210,Rawley,Baldrick,Male,32289.77,true
211,Vitoria,Seadon,Female,15183.57,true
212,Ezmeralda,Stocking,Female,38415.08,false
213,Tuesday,Whissell,Female,32742.41,true
214,Worden,Haley,Male,24922.80,false
215,Joelynn,Mauditt,Female,14335.96,false
216,Broddy,Clayborn,Male,23925.17,true
217,Thayne,Josse,Male,24494.36,true
218,Charyl,Surgood,Female,32990.81,true
219,Kurt,Bolino,Male,14016.61,true
220,Rosanne,Doick,Female,39549.31,true
221,Sabina,McAvin,Female,25027.81,true
222,Antoine,Healey,Male,26119.60,false
223,Lucho,Bach,Male,18694.68,false
224,Davin,Jeaves,Male,18213.45,true
225,Colline,Ivanichev,Female,21576.41,true
226,Farrand,Torrecilla,Female,24291.73,true
227,Julia,Hopfner,Female,37744.26,false
228,Lolly,Smails,Female,29196.87,true
229,Isabeau,Buckler,Female,35172.35,false
230,Raoul,Getcliff,Male,37210.87,true
231,Lori,Kolczynski,Female,22681.62,true
232,Loria,Hamber,Female,37368.77,true
233,Robyn,Gumley,Female,25551.35,false
234,Veronique,Godier,Female,32423.47,false
235,Levi,Stuckey,Male,36381.08,false
236,Heinrick,Ziemecki,Male,18850.84,false
237,Dore,Lowry,Female,14803.96,false
238,Lettie,Ratter,Female,16552.42,false
239,Orlando,Walby,Male,18859.62,true
240,Addison,Alker,Male,19020.28,false
241,Olin,Alesio,Male,23737.90,false
242,Duane,Ucchino,Male,39521.17,false
243,Dwayne,Sackes,Male,15044.21,true
244,Margarethe,Kuhnt,Female,18009.51,false
245,Tybie,Peyto,Female,33542.79,false
246,Arvy,O'Mohun,Male,17442.03,true
247,Emilio,Orrum,Male,24398.30,false
248,Astra,Culshew,Female,24499.81,true
249,Jules,Amiss,Male,34342.23,false
250,Rakel,Streater,Female,29181.62,true
251,Dominique,Thomlinson,Male,26914.08,true
252,Roderich,Ancliff,Male,33945.45,true
253,Larine,Tomsu,Female,39021.57,true
254,Elsy,Songhurst,Female,16641.10,false
255,Burnard,Maps,Male,23133.31,false
256,Bernie,O'Regan,Female,34722.09,true
257,Elton,Deely,Male,20762.86,false
258,Kane,Curl,Male,35127.54,true
259,Laurel,Willisch,Female,27520.06,true
260,Addie,Heare,Female,29774.04,true
261,Myca,Redwin,Male,20419.19,false
262,Marja,Fulep,Female,17045.37,true
263,Brod,Errey,Male,34709.10,true
264,Xaviera,de Clerk,Female,38239.33,false
265,Rubetta,Duffin,Female,16486.88,true
266,Mercedes,Seawell,Female,27427.90,false
267,Leland,Fridd,Male,34750.34,true
268,Virgie,Froschauer,Female,32287.71,false
269,Patrizius,Druitt,Male,19300.49,false
270,Barbe,De Souza,Female,20329.17,true
271,Sean,Clemmen,Female,27288.05,true
272,Isadore,Kobsch,Male,35065.20,true
273,Estele,Gower,Female,29999.07,false
274,Christie,Fawks,Female,30789.96,false
275,Loella,Da Costa,Female,15039.68,true
276,Vachel,Colleton,Male,18141.45,true
277,Lindsey,Aucock,Female,14441.60,true
278,Ruggiero,Danby,Male,16402.73,false
279,Conn,Lawther,Male,39779.54,false
280,Alvie,Balling,Male,28755.34,false
281,Emmett,Clamo,Male,29497.75,true
282,Loren,O'Heneghan,Male,15847.32,false
283,Addy,Overy,Female,23816.28,false
284,Shellysheldon,Ayton,Male,30651.80,true
285,Fitzgerald,McNicol,Male,21176.11,false
286,Prudy,Angrave,Female,15882.55,false
287,Fiann,Henze,Female,39429.89,true
288,Breena,Reisenberg,Female,21318.06,true
289,Charity,Chiles,Female,21379.06,true
290,Fulton,Grice,Male,21919.01,true
291,Karlik,Cobden,Male,36565.18,true
292,Ana,Bagshaw,Female,38474.10,true
293,Wenonah,Zeplin,Female,15050.22,false
294,Rodrick,Coyett,Male,31992.88,true
295,Peadar,Rookeby,Male,34521.71,true
296,Sharity,Kneesha,Female,30638.11,true
297,Skip,Rustedge,Male,23422.71,false
298,Kath,Muggeridge,Female,21234.64,true
299,Kesley,Wetwood,Female,13283.00,true
300,Eleen,Missington,Female,34929.85,true
301,Maren,Chiswell,Female,29881.69,false
302,Gloria,Gyurko,Female,32051.88,true
303,Brok,McNirlan,Male,33389.64,true
304,Early,Gimeno,Male,38494.50,true
305,Elysia,Boutflour,Female,37757.12,false
306,Salvatore,Manie,Male,27539.84,true
307,Coretta,Hiddy,Female,30052.24,false
308,Karlie,O' Hanvey,Female,16643.15,false
309,Ertha,Parlot,Female,18170.55,false
310,Ugo,Vallantine,Male,19760.89,false
311,Nathanial,Childs,Male,36420.90,true
312,Jasmina,Hurle,Female,29777.33,true
313,Katina,Balls,Female,28512.22,true
314,Massimiliano,Gyenes,Male,31567.73,false
315,Maximilian,Tewkesbury.,Male,35555.60,true
316,Birgit,Giacopazzi,Female,35891.46,true
317,Davey,Jills,Male,21262.33,true
318,Stirling,Luscott,Male,29169.26,true
319,Alva,Bown,Male,35385.58,true
320,Freddy,Searston,Male,34560.45,true
321,Carmen,Bazell,Female,22962.66,true
322,Pierette,Guise,Female,22668.04,false
323,Lannie,Hutchence,Male,28292.77,true
324,Amandi,Chandlar,Female,13234.50,true
325,Michale,Ratley,Male,21900.38,true
326,Byrle,Merrifield,Male,16157.48,false
327,Alejandrina,Dullingham,Female,19636.11,true
328,Ibbie,McGenn,Female,13385.93,true
329,Wit,Prier,Male,25186.94,true
330,Kelcie,MacKellar,Female,28489.21,false
331,Elga,Sproul,Female,32866.65,false
332,Leif,Facey,Male,24539.42,false
333,Maye,Playden,Female,35170.18,false
334,Auria,Nurcombe,Female,18284.49,true
335,Haven,Jaffrey,Male,35303.05,false
336,Sauncho,Orlton,Male,17317.25,true
337,Mata,Briar,Male,17087.59,false
338,Jodie,Elington,Male,21059.29,true
339,Allistir,Jurisch,Male,34484.84,false
340,Lenette,Lindemann,Female,23410.28,true
341,Corny,Bartolomeu,Male,38987.25,false
342,Tracie,Sydall,Male,31884.69,true
343,Keriann,Forlong,Female,16025.33,false
344,Kyrstin,Tibbs,Female,35873.66,true
345,Lona,Klamp,Female,37702.37,true
346,Brade,Nan Carrow,Male,25108.21,false
347,Erinn,Bensen,Female,29591.99,true
348,Ruddie,Conaboy,Male,24167.97,false
349,Ethyl,Caberas,Female,36595.90,true
350,Svend,Blyth,Male,24450.16,true
351,Darbee,Lamy,Male,17493.80,false
352,Lavinie,Kleisle,Female,28004.94,false
353,Ortensia,Twomey,Female,16230.19,true
354,Boot,Linde,Male,16237.78,true
355,Yank,Latimer,Male,14621.01,false
356,Whitney,Ranscomb,Male,18329.22,true
357,Osmund,McLaggan,Male,27083.65,true
358,Brett,Leverson,Male,38314.19,true
359,Curcio,Horburgh,Male,30802.60,false
360,Ritchie,McMakin,Male,15277.02,true
361,Giorgia,Tasker,Female,33944.54,false
362,Kelvin,Lampard,Male,17448.54,true
363,Myer,Badsey,Male,20403.17,false
364,Cesare,Helmke,Male,39081.73,false
365,Cortney,Hosburn,Female,39922.84,false
366,Kameko,Juanes,Female,17045.45,false
367,Shanna,Wreford,Female,27426.13,false
368,Rex,Greatrex,Male,25155.36,true
369,Zachary,Mulqueen,Male,19678.24,false
370,Doyle,Pisculli,Male,13281.82,true
371,Hagan,Collicott,Male,15095.20,false
372,Jolee,Earl,Female,24991.71,false
373,Aarika,Limpertz,Female,36111.48,true
374,Thaxter,Hawket,Male,18985.00,true
375,Lindy,Minney,Male,30716.84,false
376,Udale,Jeromson,Male,27409.80,true
377,Jessalyn,MacDermot,Female,35014.06,false
378,Whitman,Greber,Male,37124.27,false
379,Ulysses,MacCauley,Male,36273.77,false
380,Kristina,Loughan,Female,21262.30,false
381,Alida,Durtnell,Female,37745.84,false
382,Arnaldo,McCarlie,Male,25012.24,false
383,Coleen,De Beauchamp,Female,21160.65,true
384,Tulley,Conring,Male,17435.91,true
385,Deloris,Long,Female,27087.96,true
386,Lloyd,Jackling,Male,21160.35,true
387,Gaby,Parmby,Male,20565.12,false
388,Emmalynn,O'Curneen,Female,36488.07,true
389,Emanuel,McWhirter,Male,35810.91,false
390,Devinne,Neagle,Female,32338.34,true
391,Bengt,Vacher,Male,18331.79,false
392,Johnath,Bogies,Female,37368.95,true
393,Sonia,Farden,Female,15404.84,true
394,Wren,Chevin,Female,39447.38,false
395,Donetta,O' Cuolahan,Female,18311.90,true
396,Henka,Yukhtin,Female,21021.98,false
397,Myranda,Gerritzen,Female,17456.57,true
398,Jesse,Winstanley,Male,18728.06,true
399,Merrill,Bagge,Male,20921.89,true
400,Cathy,Defty,Female,28260.80,false
401,Bronny,Gedge,Male,33325.30,true
402,Justin,Comelini,Male,27970.14,false
403,Holly,Biggadyke,Male,36923.53,true
404,Jerrold,Kubasiewicz,Male,22404.71,true
405,Harcourt,Ratnage,Male,15162.09,true
406,Dukie,Drakes,Male,25200.37,true
407,Dottie,Barling,Female,29669.47,true
408,Francisca,Tripcony,Female,27204.91,true
409,Wood,Lovekin,Male,28780.43,false
410,Thadeus,Lazar,Male,18984.83,true
411,Allyn,Ruslen,Male,21567.73,false
412,Eve,Goodredge,Female,24852.82,true
413,Morty,Turgoose,Male,35512.77,true
414,Bartholemy,Wingate,Male,22753.07,true
415,Thorin,Marconi,Male,15689.28,true
416,Sisile,Drysdale,Female,35855.28,true
417,Israel,Rozzell,Male,18128.51,true
418,Teodora,Spaduzza,Female,16639.92,false
419,Hube,Phuprate,Male,30570.26,false
420,Jess,Jowle,Male,20187.50,false
421,Rosemaria,Torn,Female,34754.21,true
422,Ambros,Yurkin,Male,28099.75,false
423,Seamus,Copp,Male,36774.43,false
424,Toiboid,Holliar,Male,15027.21,false
425,Tonya,Morin,Female,29416.63,false
426,Elton,Binner,Male,22347.23,true
427,Arne,Maharey,Male,14996.85,true
428,Randie,Rantoul,Female,30945.74,true
429,Carson,Wildes,Male,33346.91,true
430,Beauregard,Brimicombe,Male,24274.60,false
431,Hillel,Graalman,Male,35852.32,true
432,Benedicto,Labdon,Male,21874.66,false
433,Siana,Rooms,Female,15428.65,false
434,Bradley,Pigeram,Male,14410.43,true
435,Lyell,Corish,Male,32602.51,true
436,Micheline,King,Female,33908.76,true
437,Amerigo,Sturgis,Male,33066.41,true
438,Marvin,Uzzell,Male,24886.32,true
439,Ole,Roelvink,Male,27268.22,false
440,Maurie,Wotton,Male,27464.59,true
441,Boothe,Everest,Male,19995.51,true
442,Peadar,Hainsworth,Male,29653.91,false
443,Ivonne,Gonsalvo,Female,37381.93,false
444,Othello,Vyse,Male,27435.10,true
445,Haley,Oehm,Female,34267.93,false
446,Jamima,Isles,Female,30892.25,true
447,Eamon,Coxon,Male,27127.07,false
448,Hilde,Sambles,Female,16142.50,true
449,Hussein,Caras,Male,34585.94,false
450,Guillaume,Brownstein,Male,39586.45,true
451,Thomasa,Jobbins,Female,23821.83,true
452,Oralie,O'Kieran,Female,37667.84,false
453,Chelsy,Burchnall,Female,35247.00,false
454,Gabriel,Poytress,Female,27250.10,false
455,Amalie,Somerset,Female,29260.94,false
456,Skip,Mulligan,Male,35812.00,true
457,Marlie,Foystone,Female,15698.96,false
458,Chad,Brownlea,Female,32963.95,true
459,Alexandrina,Currey,Female,20273.74,true
460,Hamish,Portt,Male,21665.43,true
461,Inigo,Bickley,Male,15274.33,false
462,Arline,Pfeiffer,Female,17910.56,false
463,Nikolaos,Chinnock,Male,20923.49,false
464,Michal,Axby,Male,34498.48,false
465,Prudi,Hort,Female,22785.77,true
466,Cary,Klimczak,Female,36423.78,true
467,Ahmad,Siemantel,Male,16785.56,true
468,Blake,Ledley,Male,19872.20,true
469,Saba,Courteney,Female,31169.49,true
470,Olenolin,Davenall,Male,17213.25,true
471,Mayor,Semerad,Male,38647.26,false
472,Molly,Aven,Female,16900.89,false
473,Beaufort,Dix,Male,33395.43,true
474,Noni,Hanster,Female,21330.36,false
475,Kristen,Boothe,Female,32112.80,true
476,Taber,Rachuig,Male,28754.98,false
477,Delmer,Krinks,Male,17239.44,false
478,Estevan,Reckus,Male,28476.41,false
479,Moshe,Cambridge,Male,14557.03,true
480,Krishnah,Covolini,Male,29467.81,true
481,Lottie,Culpen,Female,38174.07,true
482,Kayle,Benny,Female,16092.84,true
483,Sharla,Barradell,Female,39411.25,false
484,Holmes,Horsey,Male,20429.42,true
485,Wilhelm,Harvatt,Male,22166.69,false
486,Rollo,Belly,Male,36854.68,false
487,Mauricio,Wathan,Male,19438.19,true
488,Felike,Dener,Male,31125.00,false
489,Barrie,Guthrie,Male,35378.83,false
490,Sanson,Busen,Male,37107.26,false
491,Delano,Clymo,Male,14150.17,true
492,Bronnie,Queen,Male,20136.93,false
493,Tabatha,Lanceley,Female,25313.10,true
494,Chrysa,Oliphard,Female,39775.26,true
495,Jeni,Killigrew,Female,28356.69,true
496,Noam,Monger,Male,13038.22,false
497,Alysa,Silverthorne,Female,33740.78,false
498,Maximilian,Billanie,Male,34891.03,true
499,Edvard,Birkenhead,Male,27698.04,true
500,Garth,Dabnot,Male,34404.47,false
501,Marisa,Round,Female,29753.09,false
502,Kitti,Enright,Female,16507.25,false
503,Tracey,Howerd,Female,26432.59,true
504,Kelly,Hammell,Female,34252.76,false
505,Calhoun,Cartmill,Male,25623.56,true
506,Cesar,De Cristofalo,Male,27444.25,false
507,Kelbee,Valero,Male,13489.32,true
508,Teodoro,Bloschke,Male,14764.40,false
509,Domenico,Middis,Male,30540.69,true
510,Salvidor,Wingrove,Male,35703.51,false
511,Any,Rasher,Male,16972.15,false
512,Katharine,Arndtsen,Female,28291.96,false
513,Lowell,Frow,Male,25028.54,false
514,Cherilynn,O'Dyvoy,Female,38223.92,false
515,Doll,Stavers,Female,13009.95,false
516,Barde,Shorthouse,Male,39670.49,false
517,Kai,Selkirk,Female,24249.24,true
518,Alexandro,Spriggen,Male,37627.63,false
519,Lacie,Daouze,Female,35000.45,false
520,Damaris,Mardall,Female,23728.77,true
521,Fifine,Figure,Female,29663.56,true
522,Lyndsie,Neubigin,Female,32301.28,false
523,Benjie,Jennings,Male,39359.55,false
524,Merrie,Gozard,Female,18900.92,true
525,Korie,Burdge,Female,25258.86,true
526,Tracie,Abbey,Female,22422.71,false
527,Hildegaard,Swateridge,Female,18091.09,true
528,Guenna,Winscomb,Female,35269.29,true
529,Mikaela,Christauffour,Female,25936.27,false
530,Edith,Margarson,Female,29141.11,true
531,Rhianna,Fawke,Female,15849.94,true
532,Georas,Burkett,Male,14397.63,false
533,Aveline,Charke,Female,27238.72,true
534,Demetria,Van der Baaren,Female,23888.65,true
535,Augusto,Gammett,Male,34828.00,true
536,Vasily,Imlock,Male,15985.11,true
537,Fifi,Taggerty,Female,38334.56,false
538,Chadd,Hainsworth,Male,24426.78,false
539,Slade,Cracknell,Male,18370.02,true
540,Hadria,Petrelli,Female,32150.36,true
541,Sammy,Burtenshaw,Male,24390.37,true
542,Marilyn,Ceresa,Female,16811.57,false
543,Reeta,Maberley,Female,32498.56,true
544,Marice,Lamport,Female,32428.86,false
545,Nerita,Truwert,Female,33102.30,false
546,Jessika,Meneely,Female,21681.51,true
547,Dosi,Tidbold,Female,13901.73,false
548,Forrest,Dobbinson,Male,28811.18,false
549,Hendrika,Lideard,Female,28681.01,false
550,Eric,Munslow,Male,30783.72,true
551,Hadleigh,Switzer,Male,13352.27,false
552,Garald,Benesevich,Male,15178.82,true
553,Davey,Hardaker,Male,20625.47,true
554,Donal,Meaney,Male,14527.92,true
555,Kerrin,Hefforde,Female,34502.69,false
556,Blondy,Saunton,Female,16289.50,false
557,Bron,Lamb,Male,29223.60,false
558,Gertrude,Gorger,Female,14442.86,true
559,Gena,De Ortega,Female,28114.30,false
560,Ivette,Harbord,Female,22215.89,true
561,Birgitta,Fishlock,Female,19665.03,true
562,Boy,Coste,Male,32814.93,true
563,Marice,Alabastar,Female,36413.32,false
564,Michel,Fabbri,Male,30985.10,true
565,Charlena,Kellen,Female,22044.68,true
566,Bailie,Coie,Male,23279.14,false
567,Dino,Proffitt,Male,30342.52,false
568,Ephrayim,Wynrahame,Male,27988.91,true
569,Sutherland,Carlson,Male,16649.86,false
570,Laureen,Exelby,Female,39386.13,false
571,Truda,Ramplee,Female,26484.42,false
572,Chrissie,Haggata,Female,35074.00,false
573,Clair,Gherarducci,Female,13496.46,false
574,Holt,Chisman,Male,15777.34,false
575,Tymothy,Sibbert,Male,25867.68,true
576,Patty,Whitelaw,Female,39031.08,false
577,Georg,Le Barr,Male,14393.87,true
578,Sapphira,Johansen,Female,38107.54,true
579,Delmore,Kennford,Male,35249.26,true
580,Guenna,Wrates,Female,25026.50,false
581,Sharleen,Hince,Female,33066.65,true
582,Tasha,Mackinder,Female,27402.20,true
583,Son,Foran,Male,23307.24,true
584,Freida,Alfonsetti,Female,26566.88,false
585,Paloma,Peepall,Female,38887.42,true
586,Gustaf,Peery,Male,26974.13,false
587,Electra,Corriea,Female,34761.53,true
588,Kristoforo,Donneely,Male,36374.32,true
589,Claudine,Scotson,Female,17960.21,true
590,Adrianna,Betancourt,Female,24576.87,false
591,Cassie,Peacey,Male,31155.04,true
592,Reggis,Biddwell,Male,37335.96,false
593,Cordelia,Abson,Female,28954.55,false
594,Tomkin,Hacquard,Male,24891.87,true
595,Thor,Jandak,Male,26611.86,false
596,Candie,Grishanov,Female,22028.12,true
597,Katee,MacGown,Female,38791.43,true
598,Kellen,Rosenstengel,Female,18860.85,false
599,Sandy,Karpov,Male,31702.89,false
600,Mikael,Puckey,Male,29314.33,false
601,Raymond,Ridgwell,Male,32995.41,false
602,Barbey,Reason,Female,31424.47,true
603,Stefa,Orro,Female,13084.51,true
604,Monro,Milier,Male,16571.08,false
605,Inger,Tuohy,Male,30434.26,true
606,Reeta,Ellesworth,Female,19301.34,true
607,Lurline,Crabbe,Female,34187.33,false
608,Midge,Chenery,Female,27923.06,true
609,Debee,Ainslee,Female,23460.33,false
610,Matti,Jolliman,Female,18688.64,true
611,Von,Krammer,Male,22726.05,false
612,Jeni,Geratasch,Female,27317.18,true
613,Anissa,Fergie,Female,19359.47,false
614,Brett,Feldmesser,Female,21086.30,false
615,Lucille,Guage,Female,21109.46,true
616,Tory,Wathan,Female,24417.27,true
617,Shina,Pocknoll,Female,20047.82,true
618,Stanley,MacPaike,Male,24288.23,false
619,Mohandis,Freestone,Male,33665.15,true
620,Robbert,Swainger,Male,27409.30,false
621,Cloe,Harrill,Female,15191.02,true
622,Abbey,Stivani,Male,16902.02,true
623,Xymenes,Llorente,Male,18901.35,false
624,Jolynn,Feilden,Female,16387.95,false
625,Chic,Caddy,Male,39593.83,false
626,Zarah,Mesias,Female,25505.07,true
627,Sib,Fine,Female,27946.43,false
628,Chelsie,Jime,Female,34157.63,false
629,Niven,Spon,Male,34432.48,true
630,Konrad,Baford,Male,38225.54,false
631,Doralin,Tack,Female,16929.40,true
632,Iggie,Lyte,Male,18476.93,false
633,Federico,De Giovanni,Male,22552.00,true
634,Ceil,Causon,Female,38141.65,false
635,Jeremias,Bowater,Male,21927.69,true
636,Sarette,Allerton,Female,16446.80,false
637,Darleen,Izhaky,Female,20879.59,true
638,Ruby,Sheridan,Male,27954.31,true
639,Philippine,Markson,Female,16465.69,false
640,Miller,Caldron,Male,20574.34,false
641,James,Bruneau,Male,39790.85,false
642,Crissie,Amorts,Female,17960.44,false
643,Reinold,Franseco,Male,35012.14,true
644,Ike,Raund,Male,24967.62,false
645,Trevar,Jirzik,Male,39473.56,true
646,Abigael,Tuison,Female,34787.27,false
647,Arlen,Coard,Male,29839.41,false
648,Tally,Mosen,Female,36089.44,false
649,Blondie,Dugall,Female,13264.63,false
650,Teodoor,Platt,Male,32622.27,false
651,Jsandye,Belch,Female,19130.42,false
652,Candace,Mersh,Female,15330.33,false
653,Wood,Trathen,Male,18880.23,false
654,Tremayne,McLanaghan,Male,37567.41,false
655,Rad,Treble,Male,15516.50,true
656,Les,Coopman,Male,18918.33,false
657,Aland,Blackney,Male,24251.52,true
658,Nealy,Ivanets,Male,14151.68,true
659,Reade,Legon,Male,20302.79,true
660,Misti,Watting,Female,36969.80,false
661,Blancha,McGarel,Female,13277.11,true
662,Skipp,Coughtrey,Male,13010.64,true
663,Talbot,Gaudin,Male,27771.06,true
664,Cosmo,Segrott,Male,35038.63,false
665,Siegfried,Servis,Male,37421.75,true
666,Bernardo,Belshaw,Male,27339.51,true
667,Ervin,Gorbell,Male,17975.77,false
668,Wandie,Mulholland,Female,25883.30,true
669,Elliott,Kendell,Male,15650.50,false
670,Galven,Pehrsson,Male,36617.62,false
671,Christen,Sember,Female,25028.86,false
672,Cord,McCarle,Male,27984.68,false
673,Heda,Greenleaf,Female,20873.15,true
674,Cosimo,Stukings,Male,20777.79,false
675,Bekki,Opy,Female,33126.14,true
676,Melvin,Olsson,Male,26049.40,true
677,Nannette,Retallack,Female,22588.23,true
678,Raymond,Manifold,Male,28637.27,false
679,Wendeline,Bonsey,Female,26190.68,true
680,Cindee,Glasscock,Female,17795.49,false
681,Ursulina,Giottini,Female,30749.77,true
682,Ilene,Bengtson,Female,16954.14,false
683,Kennedy,MacTrustrie,Male,25653.11,false
684,Fidel,Roll,Male,14771.36,false
685,Albina,Klempke,Female,29759.96,true
686,Donnamarie,Simpkiss,Female,19791.44,false
687,Itch,Kamiyama,Male,32625.85,true
688,Fayre,Drought,Female,32767.82,true
689,Lauree,Lorente,Female,31159.98,true
690,Cordy,Jacqueme,Male,16957.58,true
691,Lane,Odhams,Male,20723.96,false
692,Iorgos,Kentwell,Male,22489.16,false
693,Brittaney,Carlesso,Female,39371.30,true
694,Bill,Giacopini,Male,32308.17,true
695,Latisha,Brightman,Female,23770.33,true
696,Danit,Lawler,Female,30882.58,false
697,Veronique,Catterson,Female,34398.96,false
698,Teodor,Weldrake,Male,28724.69,true
699,Cori,Shawyer,Male,25615.91,true
700,Adolpho,Sarrell,Male,29977.74,false
701,Binni,Lavarack,Female,14212.23,true
702,Karlik,Kaemena,Male,15272.68,false
703,Emelda,Hodinton,Female,39641.01,false
704,Bennett,Pavia,Male,32171.39,true
705,Noble,Dunguy,Male,18389.93,true
706,Darcy,O'Shiels,Female,20569.29,false
707,Glenden,Purkis,Male,17686.20,false
708,Holmes,Dulson,Male,38895.38,false
709,Talyah,Inchbald,Female,30415.83,false
710,Dasha,Hawk,Female,21029.36,true
711,Mirilla,Trenholme,Female,35508.25,true
712,Dareen,Hartnell,Female,28677.84,true
713,Shelly,Osanne,Female,26002.86,true
714,Jermain,Smaridge,Male,37131.69,false
715,Binny,Gooke,Female,32147.37,false
716,Giorgio,Kaubisch,Male,37058.34,false
717,Ammamaria,Giroldi,Female,24403.75,false
718,Ali,Duesberry,Female,15255.47,false
719,Mercy,Yegoshin,Female,39102.25,true
720,Lisa,Duigan,Female,30733.46,false
721,Darcee,Lougheid,Female,38081.54,false
722,Alla,Dumbar,Female,23827.17,false
723,Octavia,Brennand,Female,39846.54,false
724,Jenda,Petyankin,Female,23518.20,false
725,Hailey,Wickling,Male,21895.26,false
726,Justis,Le Prevost,Male,24085.76,true
727,Rebe,Nason,Female,15300.59,false
728,Smith,Swindlehurst,Male,18781.06,true
729,Gareth,Ife,Male,24708.05,false
730,Jeanelle,Jenk,Female,38724.35,false
731,Izak,Antalffy,Male,20242.34,true
732,Bryant,Gent,Male,31113.63,false
733,Arlana,Maunder,Female,36307.20,false
734,Ardys,Desport,Female,23232.50,true
735,Cazzie,Carlett,Male,17252.11,true
736,Biron,Kerins,Male,20875.63,false
737,Selig,Knipe,Male,32466.52,true
738,Raimund,Cowlam,Male,17238.37,true
739,Lisa,Hospital,Female,32109.00,false
740,Kiley,Rayhill,Male,34614.82,false
741,Bendicty,Betteridge,Male,19067.24,false
742,Creight,Robey,Male,34315.01,true
743,Dirk,Orrett,Male,38322.82,true
744,Brig,Cardwell,Male,22129.64,true
745,Felice,Edgars,Male,38177.66,false
746,Tuckie,Sauvage,Male,23796.17,true
747,Dulcie,Pordall,Female,28504.49,false
748,Rois,Grigolli,Female,25086.34,true
749,Porter,Cordsen,Male,27632.33,true
750,Cheryl,Cubbini,Female,29187.41,true
751,Chrissie,Fernan,Male,25121.79,true
752,Dasie,Morstatt,Female,26305.27,true
753,Brinna,Praundlin,Female,30997.10,true
754,Silvester,Stonary,Male,18076.05,true
755,Stella,Sabate,Female,37805.19,false
756,Riordan,Regus,Male,29037.11,true
757,Retha,Skillman,Female,37379.10,false
758,Corbin,Ianne,Male,28001.18,false
759,Meara,Abramchik,Female,18276.21,false
760,Georgianna,Extance,Female,39163.20,true
761,Korry,Boote,Female,13720.81,false
762,Wandis,Bassill,Female,33715.92,false
763,Braden,Chace,Male,33271.15,true
764,Christine,Bentham,Female,22031.05,false
765,Napoleon,Garvin,Male,23682.55,true
766,Keven,Shovel,Male,39171.73,false
767,Gannon,Damp,Male,20561.84,false
768,Kimberley,Itzchaki,Female,27356.83,false
769,Lillis,Iamittii,Female,26388.23,true
770,Georgie,Blonfield,Male,17168.72,false
771,Roxane,Hammerberg,Female,30506.90,false
772,Yasmin,Bendin,Female,24301.62,false
773,Odie,Bediss,Male,17599.03,false
774,Radcliffe,Colston,Male,21095.08,false
775,Dianne,Van Leeuwen,Female,26019.98,true
776,Belvia,Iowarch,Female,21939.78,true
777,Garry,Kondratenya,Male,15260.28,true
778,Kennie,Larkings,Male,13690.88,false
779,Effie,Charity,Female,27921.33,true
780,Piotr,Dmitriev,Male,37557.52,true
781,Serene,Heggison,Female,16301.52,false
782,Freida,Rivallant,Female,18961.80,false
783,Kathlin,Laible,Female,22012.99,false
784,Jerrilyn,Ventura,Female,16003.41,false
785,Josie,Werrilow,Female,23820.46,true
786,Roch,Le Brum,Female,27488.20,true
787,Clemmie,Gribbon,Male,16167.72,false
788,Obadiah,Lettington,Male,35657.30,true
789,Sibley,Bortolini,Female,19002.52,false
790,Bengt,Masselin,Male,23839.10,false
791,Roxi,Jotham,Female,16367.74,false
792,Ilse,Hopfner,Female,36353.22,true
793,Joyan,Mechi,Female,31201.08,false
794,Georges,Kyles,Male,27845.70,false
795,Dexter,McFie,Male,38884.14,true
796,Derick,Desouza,Male,20008.11,false
797,Nanette,Soppit,Female,21222.82,false
798,Booth,Kun,Male,31700.52,true
799,Shaun,Verduin,Female,26651.90,false
800,Drusilla,Bettenson,Female,28444.60,false
801,Maighdiln,Florey,Female,39024.91,true
802,Foss,Gullefant,Male,32627.21,false
803,Lenee,Wickersham,Female,17362.59,false
804,Evangeline,MacAlester,Female,28188.87,true
805,Orelie,Kleinmintz,Female,25328.56,false
806,Herschel,Gapper,Male,25639.52,true
807,Rowe,Broadberry,Female,24654.87,true
808,Emylee,O'Garmen,Female,28763.13,true
809,Del,Dumphreys,Male,28258.70,false
810,Luise,Quinnette,Female,23426.38,false
811,Ranique,Vigneron,Female,32497.40,true
812,Garwood,Leale,Male,20937.00,false
813,Phyllis,Tutin,Female,13300.43,false
814,Claudio,Meysham,Male,37635.86,true
815,Baldwin,Bortolini,Male,22691.15,true
816,Lonnie,Antonias,Female,29635.36,true
817,Kellyann,Leighton,Female,22797.11,true
818,Renaldo,Nobes,Male,36515.85,true
819,Wake,Antham,Male,22443.53,true
820,Charo,Jeanin,Female,20405.58,true
821,Vinnie,Tomala,Male,39545.00,true
822,Ellyn,Byfford,Female,32480.95,false
823,Rosemarie,Magne,Female,26196.28,false
824,Alasteir,Lidgett,Male,23118.64,true
825,Brena,de Guise,Female,24097.52,false
826,Raquela,Hubbert,Female,16110.11,false
827,Durante,Rankling,Male,21643.71,true
828,Marieann,Camilleri,Female,13627.54,true
829,Tracy,Debney,Male,36573.13,true
830,Abel,Steffens,Male,21654.25,true
831,Randene,Scrane,Female,29345.61,true
832,Hayden,Gates,Male,34591.90,false
833,Christy,Roach,Male,33005.93,false
834,Chloris,Couch,Female,28176.75,true
835,Rubina,Tinan,Female,16720.20,false
836,Brunhilda,Clubley,Female,33469.45,false
837,Willyt,Wethered,Female,34657.28,false
838,Colman,Matej,Male,28518.76,true
839,Leora,Hauck,Female,23404.93,false
840,Barty,Tite,Male,14800.32,true
841,Alleen,McFall,Female,39620.02,true
842,Goddard,Kelleher,Male,33179.28,false
843,Russell,Gamet,Male,14583.45,true
844,Avril,Paddemore,Female,20674.39,true
845,Ivar,Marcone,Male,15373.38,true
846,Katleen,Dottrell,Female,31693.66,false
847,Dougy,Coslitt,Male,38692.68,false
848,Micah,Farrer,Male,27722.83,false
849,Geoffrey,Jaquemar,Male,27095.91,false
850,Meagan,Elintune,Female,15738.48,false
851,Batholomew,Blowen,Male,38059.82,true
852,Zachariah,Bogart,Male,37383.33,false
853,Vick,Schruyer,Male,28797.08,true
854,Sigvard,Bozward,Male,39265.21,false
855,Xylia,Weild,Female,37350.93,false
856,Tucky,Crandon,Male,18639.76,false
857,August,Larwell,Male,37982.85,true
858,Cathe,MacGiolla,Female,14039.29,false
859,Clayborne,Mottley,Male,31937.04,false
860,Ramon,Meadway,Male,18979.06,true
861,Meagan,Dulake,Female,19656.06,false
862,Phil,Churchouse,Male,17991.94,true
863,Harriette,Sabin,Female,28805.21,false
864,Luis,Elvin,Male,34498.36,true
865,Carine,Robarts,Female,18993.93,true
866,Brennen,Gumbley,Male,15449.59,false
867,Darren,Almey,Male,30841.12,true
868,Gaven,Cumpton,Male,25563.60,false
869,Michal,Gerran,Male,33796.11,true
870,Shepard,Wickrath,Male,17361.37,true
871,Ralph,Burdis,Male,26993.13,false
872,Eberhard,Ailsbury,Male,21627.46,false
873,Casi,McGilvra,Female,32914.32,false
874,Romola,Garbutt,Female,21956.15,true
875,Kat,Druhan,Female,37969.88,false
876,Albertina,Fenners,Female,34483.03,false
877,Dorise,Keelinge,Female,15554.89,false
878,Bill,McGlone,Female,29087.88,true
879,Yolanda,Blunderfield,Female,25240.31,false
880,Desi,Spittal,Male,25078.76,false
881,Berky,Levay,Male,29608.85,true
882,Anthia,Vatini,Female,24339.56,true
883,Sella,Edel,Female,18231.57,false
884,Lucian,Pilmer,Male,35270.37,false
885,Miltie,Daughtry,Male,23755.81,true
886,Lauren,Brissenden,Male,29690.54,false
887,Josh,MacAndrew,Male,38108.40,true
888,Lazar,Enderson,Male,24754.29,false
889,Leslie,Hurlston,Female,31673.38,false
890,Richie,Thurby,Male,39944.55,true
891,Adelind,Khomich,Female,28889.69,false
892,Moll,Gratland,Female,35981.29,true
893,Ruthanne,Stag,Female,15444.07,false
894,Jaye,Cahan,Male,34187.50,true
895,Donnamarie,Matuszinski,Female,18639.34,false
896,Birch,Trenbay,Male,27255.92,true
897,Leann,Brunnstein,Female,15234.95,true
898,Marietta,Redhead,Female,15948.50,false
899,Ernie,Peacocke,Male,22643.88,true
900,Worthington,Dechelle,Male,23515.23,true
901,Alexandrina,Oliva,Female,35073.98,true
902,Gustaf,Coffee,Male,25399.76,true
903,Estrella,Barwack,Female,22986.43,true
904,Livvy,Storah,Female,38577.42,false
905,Kandace,Naisbitt,Female,15455.41,false
906,Wendi,Gwyer,Female,25238.28,true
907,Hermon,Stadden,Male,18207.00,false
908,Lyn,Mateus,Male,26045.64,false
909,Christine,Iashvili,Female,35103.33,true
910,Nichols,Saltman,Male,21591.63,true
911,Meryl,Colston,Female,31788.48,false
912,Kurt,D'Hooghe,Male,23364.74,false
913,Meier,Fellgate,Male,15359.21,false
914,Kelbee,Ashwin,Male,23171.83,false
915,Liam,Brodway,Male,21349.38,true
916,Herbie,Dillintone,Male,21812.84,false
917,Gretel,Minshall,Female,22174.88,true
918,Perry,Milesap,Male,38942.43,true
919,West,Fardy,Male,39057.36,false
920,Suki,Dreakin,Female,37262.09,true
921,Cristionna,Haken,Female,26085.19,false
922,Cheri,Kovnot,Female,31353.45,false
923,Tamqrah,MacMenamie,Female,30617.83,true
924,Nev,Maciejak,Male,39019.77,true
925,Tuckie,Morville,Male,13274.11,false
926,Gillie,Devote,Female,16706.41,true
927,Scotti,Petrou,Male,39917.43,true
928,Meta,Greatbatch,Female,23806.25,false
929,Ario,Brandon,Male,30747.12,false
930,Regen,Giacomozzo,Male,14363.59,false
931,Emmaline,Lettley,Female,21323.19,true
932,Julina,Pavlenkov,Female,27257.53,true
933,Tarah,Dowle,Female,33486.61,false
934,Gwenny,Roffe,Female,33594.75,true
935,Charlene,Gavrielly,Female,35021.72,true
936,Gaultiero,Monelli,Male,30454.13,true
937,Allison,Tomlin,Female,22256.20,true
938,Humphrey,Naulls,Male,25098.36,true
939,Dannie,Phillps,Male,15141.75,false
940,Shayna,Rivitt,Female,21198.69,true
941,Uta,Totaro,Female,13731.58,false
942,Alyda,Clow,Female,16817.43,true
943,Barton,Eyres,Male,16583.96,true
944,Rubi,Lerego,Female,25079.32,false
945,Kinsley,Ordelt,Male,28302.26,false
946,Mathias,Janton,Male,29953.78,false
947,Laughton,Kira,Male,28314.18,false
948,Willette,Estick,Female,22461.54,true
949,Lynsey,Dickings,Female,33586.45,false
950,Johnna,Trebble,Female,34662.79,false
951,Viviyan,Burdass,Female,25489.74,false
952,Alaine,Messager,Female,18130.86,true
953,Joceline,Studman,Female,37027.36,true
954,Thorpe,Gianolo,Male,13975.36,true
955,Carly,Dunwoody,Female,38681.87,true
956,Christiane,Janatka,Female,32747.91,true
957,Derrik,Densey,Male,34118.97,false
958,Maiga,Lambrecht,Female,17757.95,false
959,Milly,Gardener,Female,15280.41,false
960,Faye,Wheelan,Female,36812.00,false
961,Phoebe,Rochell,Female,28555.35,true
962,Elie,Iacovuzzi,Female,16085.16,false
963,Briny,Graddon,Female,39421.50,false
964,Bronson,Tome,Male,27772.20,true
965,Sandra,Pipes,Female,39555.67,true
966,Mercy,Darey,Female,22352.02,true
967,Bartholomeus,Rozier,Male,36569.53,false
968,Archie,Valentine,Male,36279.72,false
969,Osbourn,Lared,Male,15784.12,true
970,Tuck,Orris,Male,21220.99,false
971,Pete,Dmych,Male,21611.91,true
972,Gerik,Licas,Male,22867.40,true
973,Lara,Birtwistle,Female,39910.49,false
974,Bee,Jell,Female,34906.77,false
975,Rowland,Bezemer,Male,34838.84,true
976,Flemming,Snowsill,Male,37353.56,false
977,Lemar,Newvell,Male,14474.21,true
978,Philipa,Pearl,Female,14594.00,true
979,Simon,Olczyk,Male,30202.58,false
980,Vallie,Earles,Female,13766.69,false
981,Shane,Gadsden,Female,38936.64,true
982,Audy,Merdew,Female,30957.93,true
983,Ayn,Greenside,Female,32938.04,true
984,Gertrude,Adamiak,Female,14408.88,true
985,Faythe,Emanuelov,Female,38477.68,false
986,Dalia,Hollingshead,Female,29915.22,false
987,Agnes,Tuxell,Female,34131.96,true
988,Teodor,June,Male,28027.66,false
989,Jemimah,Elvey,Female,16148.28,true
990,Heda,Feaks,Female,37234.01,false
991,Marven,Tomadoni,Male,20823.62,false
992,Baillie,Orehead,Male,14566.67,false
993,Hillie,Winchurch,Male,19373.84,true
994,Kain,Wanley,Male,34049.71,false
995,Olin,Carding,Male,13051.57,false
996,Herve,Bartolacci,Male,27945.62,true
997,Trudie,Larroway,Female,22302.13,true
998,Cassandry,Blazejewski,Female,29913.55,true
999,Roxane,Gilmore,Female,18313.02,true
1000,Bernarr,Fairney,Male,28313.59,false
