CUST ID,first_name,last_name,gender,Salary,Married
1,Gusti,Jeandon,Female,29377.92,true
2,Lethia,Collerd,Female,22488.66,true
3,Hedda,Tinker,Female,22269.04,true
4,Correy,Garmey,Female,22056.15,false
5,Deirdre,Locksley,Female,22827.60,true
6,Elka,Moyer,Female,24003.40,true
7,Arnoldo,Dalgetty,Male,24898.16,false
8,Marcia,Casini,Female,28773.96,true
9,Kit,Dailey,Male,38064.89,true
10,Mil,Scriver,Female,29675.88,false
11,Sloan,Geeritz,Male,36465.54,true
12,Gene,Youles,Male,25358.22,true
13,Matias,Dunbobbin,Male,30094.21,true
14,Allard,Scotney,Male,25788.35,true
15,Jamie,Shord,Female,39679.69,true
16,Vivianna,Wallage,Female,32092.36,false
17,Timoteo,Hemmingway,Male,16530.71,false
18,Phillida,Mabley,Female,15661.56,false
19,Anderea,Roots,Female,18647.54,true
20,Kimble,Bruhn,Male,17710.73,true
21,Kris,Lowde,Female,13882.53,false
22,Araldo,Micklewicz,Male,34537.36,false
23,Tawnya,Jakeman,Female,31934.20,false
24,Nerte,MacArthur,Female,23772.90,false
25,Tatiana,Trenam,Female,19684.66,true
26,Kylynn,Hasley,Female,33021.52,false
27,Lucina,MacKaig,Female,34487.69,false
28,Stepha,Mouncher,Female,34378.54,false
29,Harmon,Durnin,Male,17043.71,true
30,Jereme,Saket,Male,13868.18,false
31,Elset,Bramwich,Female,31303.69,false
32,Bink,Hawkshaw,Male,38262.67,true
33,Stephani,Blyth,Female,37777.99,false
34,Carmela,Drew-Clifton,Female,32738.37,false
35,Frankie,Leadbeater,Male,29588.10,false
36,Hermina,Foxen,Female,32580.24,true
37,Margalit,Fitzer,Female,29782.30,true
38,Wright,Tratton,Male,16885.75,false
39,Simonne,Cicullo,Female,14249.27,true
40,Tawnya,Larmouth,Female,33875.66,true
41,Gunilla,Berthon,Female,37489.44,true
42,Gaby,Tzar,Male,19652.51,true
43,Orv,Mabon,Male,22577.56,false
44,Amble,Poundsford,Male,19032.33,true
45,Em,Delafont,Female,31257.34,true
46,Avictor,McNirlan,Male,21873.50,false
47,Raymond,Corley,Male,30268.52,false
48,Phil,McGlade,Female,25643.70,false
49,Berte,Keller,Female,30991.61,true
50,Elora,Houston,Female,14528.48,true
51,Denis,Bail,Male,38734.07,true
52,Becky,Courson,Female,32023.40,true
53,Penni,Charity,Female,19446.93,true
54,Goldie,Shreenan,Female,35409.77,false
55,Mandy,Leader,Female,39702.66,true
56,Everard,Rookesby,Male,35610.05,true
57,Rosco,Lorne,Male,27885.83,false
58,Adiana,Goudy,Female,17016.26,true
59,Hetti,Castagnet,Female,14205.68,true
60,Uriel,McShea,Male,20835.76,false
61,Effie,Bycraft,Female,19796.70,false
62,Sindee,Haysham,Female,24278.19,false
63,Maye,Kenworthy,Female,13742.36,true
64,Ania,Tuttiett,Female,33179.43,true
65,Nels,Dougan,Male,27063.61,false
66,Andrej,Petroff,Male,13917.47,true
67,Jillayne,Monckman,Female,20909.81,true
68,Johnath,Lindenboim,Female,20247.72,false
69,Garey,Spellacy,Male,39269.18,false
70,Bil,Alsobrook,Male,39798.95,true
71,Niko,Kendrew,Male,34197.48,true
72,Ealasaid,Skeggs,Female,29307.12,true
73,Sammy,Clery,Female,18600.89,false
74,Rees,Culpan,Male,27214.85,false
75,Borden,Whitmore,Male,17104.29,false
76,Vikki,Ivanaev,Female,14009.63,true
77,Dasha,Blowin,Female,29787.82,true
78,Theodor,Reggler,Male,39938.88,true
79,Geraldine,Aitkenhead,Female,36054.58,false
80,Morena,Buttler,Female,13297.48,false
81,Anatollo,Sealy,Male,15597.08,false
82,Athene,Boylin,Female,22475.03,false
83,Shelly,Zienkiewicz,Female,14359.15,true
84,Oliviero,Swadlinge,Male,23348.09,false
85,Kelbee,Fransseni,Male,24724.59,false
86,Conway,Huzzay,Male,39207.00,false
87,Eal,Drew,Male,30025.33,false
88,Amye,Chevin,Female,18312.33,true
89,Loralyn,Loody,Female,26616.32,true
90,Isiahi,Pettecrew,Male,34056.73,true
91,Fernandina,Deacon,Female,21854.66,false
92,Dominic,Hanster,Male,20486.09,false
93,Robina,Bratch,Female,31309.50,true
94,Kristina,Husband,Female,27372.23,true
95,Hilde,Lyvon,Female,24411.51,false
96,Alene,Boulsher,Female,29566.43,true
97,Izak,Hickenbottom,Male,16308.43,false
98,Rich,Maypes,Male,23602.94,true
99,Reba,Wentworth,Female,34376.07,false
100,Ilise,Cathenod,Female,15233.36,true
101,Leif,Spatari,Male,33361.00,false
102,Hy,Berwick,Male,16973.89,true
103,Byrann,Packe,Male,28546.60,true
104,Calv,Alben,Male,26209.57,true
105,Malia,Blanket,Female,39749.63,false
106,Melamie,Beenham,Female,17919.37,true
107,Erik,Ladell,Male,29754.33,true
108,Wendell,McOwen,Male,36762.93,false
109,Jermayne,Kipping,Male,20990.86,true
110,Crysta,Garstang,Female,18135.27,true
111,Aldo,Bonome,Male,33684.89,true
112,Gordan,Maciejak,Male,38523.97,true
113,Filide,Seyler,Female,24958.42,false
114,Angelo,Handes,Male,34391.35,false
115,Tanitansy,Hollebon,Female,39106.25,true
116,Fanchon,Saffrin,Female,17328.26,true
117,Colas,Doding,Male,34440.09,true
118,Carolyn,Casoni,Female,38751.14,true
119,Leshia,Danser,Female,21645.81,true
120,Guido,Lytle,Male,25935.32,false
121,Valle,Ashbe,Male,15527.09,true
122,Jozef,Challoner,Male,38793.50,true
123,Beryle,Druett,Female,16730.51,false
124,Bank,Yoselevitch,Male,34115.79,true
125,Abigale,Lygo,Female,26629.19,false
126,Immanuel,Porter,Male,28076.11,true
127,Brannon,Heyworth,Male,33561.32,false
128,Trenton,Huie,Male,23668.25,true
129,Manolo,Tussaine,Male,23460.88,false
130,Mamie,Ohanessian,Female,20945.51,false
131,Bram,Dyke,Male,13889.25,false
132,Claude,Sayse,Female,31826.84,true
133,Fonz,Matevosian,Male,23335.10,false
134,Puff,De Lacey,Male,39214.76,true
135,Theda,McClay,Female,32872.75,true
136,Tessi,Frood,Female,28178.50,false
137,Maggy,De Gregoli,Female,28906.96,true
138,Brianna,Blackstone,Female,37221.40,false
139,Red,Hooks,Male,25939.08,true
140,Barton,Hallard,Male,18422.10,false
141,Winifred,Coiley,Female,32211.26,false
142,Pennie,Drysdale,Female,21064.74,true
143,Fidel,Blease,Male,33130.94,true
144,Reggis,Stonall,Male,19521.61,true
145,Sallyanne,Ralling,Female,37213.52,false
146,Waylin,Elfitt,Male,29225.89,false
147,Bartolomeo,Conrad,Male,18203.18,false
148,Tann,Van Schafflaer,Male,18359.11,false
149,Sonny,Chaperling,Female,17731.06,true
150,Richmond,Conisbee,Male,16302.68,true
151,Rachelle,Keller,Female,30983.27,true
152,Genia,Skullet,Female,28972.24,false
153,Yvor,Gamble,Male,37002.05,false
154,Sax,Wetherby,Male,32033.87,false
155,Kippar,Gascoine,Male,15479.01,true
156,Edd,Shakespeare,Male,15484.42,false
157,Penelopa,D'Ambrogio,Female,19680.53,true
158,Isidoro,Norfolk,Male,30761.95,true
159,Balduin,Furmonger,Male,34986.10,false
160,Alexandrina,Braidman,Female,28292.71,false
161,Dennet,Shieldon,Male,39258.55,false
162,Roberto,Bolger,Male,13254.60,false
163,Ganny,O'Sherin,Male,17178.17,false
164,Dunn,Berrisford,Male,34425.18,true
165,Mac,Gilhespy,Male,38812.70,false
166,Ignatius,Sellman,Male,22307.30,true
167,Marice,Vasyutichev,Female,26917.40,true
168,Derron,Flores,Male,19005.08,false
169,Flory,Goadbie,Male,15195.73,false
170,Kerwin,Otton,Male,13141.82,false
171,Phyllys,Wormald,Female,30320.03,true
172,Vladimir,Skoyles,Male,35351.99,false
173,Tresa,Spilling,Female,37678.44,true
174,Dorie,Bernaciak,Male,20473.35,false
175,Leland,Foale,Male,36601.60,true
176,Konstantin,Culley,Male,23659.69,true
177,Eleen,Larkcum,Female,35797.97,false
178,Xena,Daymond,Female,26318.00,false
179,Darelle,McMorran,Female,16462.55,true
180,Sioux,Lownsbrough,Female,38351.78,true
181,Ailbert,Edgeley,Male,14557.00,false
182,Herculie,Absalom,Male,31798.32,true
183,Augustus,Drewry,Male,24182.77,true
184,Corry,Baldi,Female,22926.74,false
185,Fowler,Megarrell,Male,23701.56,false
186,Antonin,Greenley,Male,27075.16,true
187,Anett,Milillo,Female,15622.46,false
188,Tito,Lansberry,Male,28999.94,true
189,Ogdon,Brazil,Male,37373.89,true
190,Neely,Viggers,Female,32827.58,true
191,Munmro,Suthren,Male,17101.50,false
192,Stearn,Blasio,Male,14578.27,false
193,Bayard,Deeny,Male,28185.11,false
194,Agnola,Knight,Female,20049.57,false
195,Gordon,Heaffey,Male,31093.44,true
196,Rance,McDonell,Male,28685.25,true
197,Ferguson,Berka,Male,29841.53,true
198,Fancie,Pauley,Female,21022.35,true
199,Dukie,Bassill,Male,30914.66,false
200,Vergil,Garmston,Male,16631.84,true
201,Evvy,Phuprate,Female,13735.96,true
202,Ruby,Ertelt,Female,17330.22,false
203,Tiler,Castiglione,Male,23321.18,true
204,Keelia,Reekie,Female,31518.28,false
205,Isidore,Fortescue,Male,14488.12,true
206,Carlotta,Lints,Female,26380.09,false
207,Carlin,Drabble,Female,17738.01,false
208,Enoch,Ambrodi,Male,24537.01,true
209,Carlye,Stuckow,Female,17252.14,true
210,Gui,Kench,Female,31387.68,false
211,Chelsey,Itschakov,Female,31612.34,true
212,Neils,Udey,Male,39122.29,false
213,Horatio,Chippindall,Male,27740.68,false
214,Katya,Woolcocks,Female,18638.66,false
215,Luz,Boch,Female,32219.15,true
216,Jeffy,Fideler,Male,39845.65,false
217,Arlyn,Robertot,Female,13086.25,false
218,Gizela,Giovanizio,Female,14356.11,false
219,Rawley,Zoellner,Male,29785.85,false
220,Amble,Haldin,Male,31646.37,false
221,Sari,Herrieven,Female,14515.73,false
222,Valaree,Drewell,Female,20564.36,false
223,Sherlock,Langlands,Male,22901.42,false
224,Kennith,Cordie,Male,29167.86,false
225,Bridie,Lewson,Female,39911.18,true
226,Maurise,Greenhough,Female,33389.00,false
227,Murry,Simmon,Male,34885.04,true
228,Tobi,Milillo,Female,23042.98,false
229,Chrissie,Cabane,Male,23669.61,false
230,Kort,Thurske,Male,13879.35,true
231,Thornie,Mourant,Male,33408.78,false
232,Fallon,Pirrie,Female,18393.48,false
233,Jaquelin,Eaglestone,Female,15869.49,false
234,Lonnard,Ragot,Male,15612.19,false
235,Lizzie,Stummeyer,Female,35608.53,true
236,Colby,Husset,Male,24108.28,true
237,Randell,Perigoe,Male,36581.72,false
238,Clay,McDade,Male,18992.45,true
239,Ellissa,Colquitt,Female,16704.85,true
240,Duky,Yitzowitz,Male,18792.46,true
241,Lauretta,Stonebridge,Female,34283.58,false
242,Laurence,Roake,Male,29514.11,true
243,Merralee,de Clerk,Female,39725.50,true
244,Vallie,Vale,Female,38124.12,true
245,Connie,Rupprecht,Female,21809.92,false
246,Udall,Greenset,Male,32305.37,true
247,Kendrick,Butt Gow,Male,16306.43,true
248,Dillie,Moxom,Male,14069.81,true
249,Lee,Hustings,Male,27706.81,false
250,Stearn,Meltetal,Male,28506.74,true
251,Nevin,Buttrick,Male,20670.72,false
252,Ann,Ludlem,Female,28560.37,true
253,Merissa,Brade,Female,18516.26,false
254,Thaddeus,Morrison,Male,21155.44,false
255,Joline,Cuberley,Female,18913.60,true
256,Emyle,De Luna,Female,24975.14,true
257,Crysta,Griss,Female,16190.73,true
258,Jasmin,Maydwell,Female,15274.94,true
259,Erv,Radbond,Male,22060.46,false
260,Olenolin,McGeffen,Male,21463.76,false
261,Andee,Scawen,Female,20651.04,true
262,Torrance,MacGow,Male,30886.65,false
263,Tabor,Whewill,Male,24353.30,false
264,Carolina,Sidle,Female,35284.04,true
265,Imogene,Iannetti,Female,13124.93,true
266,Lula,Alldred,Female,20312.37,true
267,Lothaire,Gavozzi,Male,25955.57,true
268,Suzi,McCarrell,Female,35218.64,true
269,Barr,Bruni,Male,28473.31,false
270,Dulcinea,Broadberrie,Female,15510.47,false
271,Morlee,Hardes,Male,22679.73,true
272,Duffie,Anthes,Male,30682.71,true
273,Fanni,Riddett,Female,33719.67,true
274,Tiphani,Kibbee,Female,24996.92,false
275,Ginger,Dearlove,Male,26410.73,true
276,Lorrie,Leahy,Female,36049.23,false
277,Beniamino,Antrack,Male,25871.94,false
278,Sheelagh,Brodbin,Female,29658.61,false
279,Delano,Yantsurev,Male,14127.64,true
280,Florida,Paoli,Female,22922.04,false
281,Cymbre,Giacobilio,Female,19490.51,true
282,Bobbye,Cochern,Female,20866.14,true
283,Tresa,Issit,Female,19265.44,true
284,Laurice,Cortin,Female,24521.86,false
285,Palmer,Ibbitson,Male,37174.63,true
286,Wenda,Lergan,Female,24080.07,false
287,Durward,McCaghan,Male,30801.09,true
288,Bank,Bettridge,Male,35381.15,true
289,Bill,Shearstone,Male,24782.97,false
290,Stillmann,O'Dempsey,Male,16763.10,true
291,Bren,Copnall,Female,23686.13,false
292,Neel,McCaighey,Male,18670.41,false
293,Selene,Siseland,Female,27741.04,false
294,Arliene,Millsom,Female,27619.08,true
295,Daryle,Jerrim,Male,20991.50,true
296,Koo,Alban,Female,37838.91,true
297,Skell,Pancoast,Male,16973.37,false
298,Clarita,Faulkner,Female,32809.03,true
299,Dell,Marmion,Male,28566.19,true
300,Clarine,Doerffer,Female,19839.12,true
301,Wake,Ambler,Male,31399.58,true
302,Miguela,Van der Hoeven,Female,16346.37,true
303,Bertha,Hadrill,Female,35550.01,true
304,Sheeree,Innott,Female,25073.04,true
305,Iris,Yerrall,Female,26752.82,true
306,Dorolisa,Tattershaw,Female,17968.28,false
307,Hobard,Conaboy,Male,32016.64,true
308,Normand,Wiseman,Male,29920.20,true
309,Mathias,Incogna,Male,16696.89,false
310,Corry,Bunn,Female,15401.04,true
311,Lynnea,Brookhouse,Female,38311.47,false
312,Lucine,Bransdon,Female,26251.06,false
313,Isak,Zanotti,Male,27353.78,false
314,Felizio,Brackenbury,Male,23010.43,false
315,Merissa,Cunningham,Female,20225.35,true
316,Conrade,Jordan,Male,22659.63,true
317,Zacharia,Purser,Male,14278.08,true
318,Willie,Dufton,Male,27466.61,false
319,Lotte,Blackden,Female,20119.01,true
320,Elsworth,Taillant,Male,21639.82,false
321,Ashla,Beste,Female,37233.56,true
322,Elwin,Lotwich,Male,39955.19,false
323,Lavena,Codling,Female,32311.40,false
324,Edward,O' Hern,Male,33644.40,true
325,Jayme,Gives,Female,13948.94,false
326,Abbott,Bland,Male,24708.48,false
327,Antonina,Branton,Female,36049.54,false
328,Andrew,Beacon,Male,38178.44,true
329,Yanaton,Patise,Male,31651.43,false
330,Giacobo,Cammock,Male,14926.53,true
331,Alyssa,Crome,Female,16983.30,false
332,Tedie,Dabell,Male,21873.57,false
333,Jed,Tregonna,Male,27159.05,false
334,Jerrie,Ledner,Female,13095.50,false
335,Abey,Ruger,Male,18313.35,false
336,Paul,Lefley,Male,17055.41,false
337,Finn,Wastell,Male,32016.08,true
338,Holly-anne,Monroe,Female,38350.06,false
339,Forester,Callinan,Male,25821.50,false
340,Rollie,Sizey,Male,25166.38,true
341,Stepha,Farrington,Female,36219.46,false
342,Lief,Peterffy,Male,39468.40,true
343,Frasco,Annatt,Male,26565.47,false
344,Wilmer,Topp,Male,32849.89,false
345,Dion,Binge,Male,39693.32,true
346,Bryce,Elloway,Male,30506.37,true
347,Andree,Rawlin,Female,16504.25,false
348,Madelyn,Coverdale,Female,15606.32,false
349,Bradney,Bull,Male,22700.44,false
350,Riccardo,Birkwood,Male,16508.13,true
351,Cassie,Bodycomb,Male,35781.69,false
352,Rosemaria,Klicher,Female,39005.64,true
353,Jyoti,Tirte,Female,37062.62,true
354,Ivonne,Gillbe,Female,35685.05,true
355,Cornell,Leary,Male,36011.92,true
356,Hart,Dyos,Male,17845.02,true
357,Dar,Riglesford,Male,28944.01,true
358,Ruperto,Kulicke,Male,38967.79,true
359,Olga,Braywood,Female,31019.95,true
360,Hercule,Piperley,Male,37194.30,true
361,Quintin,Brownbill,Male,18350.27,false
362,Carlene,Inglis,Female,23743.60,false
363,Theadora,Stathers,Female,36996.94,true
364,Weston,Gobbet,Male,34817.93,true
365,Vincents,Berndtsson,Male,17677.76,true
366,Michelina,Grombridge,Female,22178.51,false
367,Jessee,Blackaller,Male,35712.20,true
368,Joan,Annear,Female,24669.83,true
369,Sullivan,Dunge,Male,24446.00,false
370,Kennith,Fireman,Male,27253.37,false
371,Valene,Nyland,Female,15063.26,true
372,Abe,Schaffel,Male,18580.00,true
373,Rosalind,Doberer,Female,17811.24,true
374,Cobby,Overshott,Male,32687.04,true
375,Anny,Mattack,Female,19403.59,true
376,Elwyn,Darinton,Male,24682.30,false
377,Winnie,Connaughton,Male,25966.00,false
378,Trula,Swinney,Female,26458.02,true
379,Saloma,Ordidge,Female,36269.91,true
380,Kippar,Sargeaunt,Male,36184.47,true
381,Chelsey,Dene,Female,39803.30,true
382,Aleece,Minero,Female,34590.23,false
383,Jack,Michin,Male,38360.71,false
384,Aloise,Surby,Female,32532.43,true
385,Marlie,Yurinov,Female,37817.11,true
386,Xaviera,Tidbold,Female,26585.70,false
387,Angie,Giacoboni,Female,31023.26,false
388,Frieda,Jerzyk,Female,22403.38,false
389,Cindelyn,Bisson,Female,22792.63,true
390,Allison,Maplestone,Female,16539.65,false
391,Julia,Raiment,Female,38476.95,true
392,Guillema,Gundrey,Female,39665.31,false
393,Emmalynn,Comport,Female,18543.55,false
394,Patti,Dumphrey,Female,16378.16,true
395,Adan,Mulvin,Male,29934.70,true
396,Shanan,Halliberton,Male,31390.50,false
397,Jerri,Maun,Male,19345.77,false
398,Mirella,Misselbrook,Female,16589.24,false
399,Annadiane,D'Ambrosio,Female,22445.27,false
400,Cordelie,Dunkirk,Female,21681.30,false
401,Kanya,Gillion,Female,17243.72,true
402,Rochell,McDuall,Female,33315.09,false
403,Marcella,Heskins,Female,27976.54,true
404,Anna-diane,Shill,Female,38675.72,false
405,Cecelia,Panketh,Female,24268.77,false
406,Gearalt,Dubbin,Male,37646.75,false
407,Gray,O'Loinn,Male,33165.39,true
408,Alix,Leggat,Female,25248.05,false
409,Donnell,Bogeys,Male,33561.55,false
410,Erena,Maffia,Female,29557.19,false
411,Cchaddie,McCardle,Male,32192.21,false
412,Loralyn,Dominy,Female,20209.61,false
413,Marylou,Legges,Female,27127.76,false
414,Creighton,Ricciardello,Male,19430.42,false
415,Gradey,Milier,Male,27023.23,true
416,Price,Trahearn,Male,25809.38,false
417,Clarette,MacCarrick,Female,23226.34,false
418,Fonzie,Larmor,Male,37430.26,false
419,Tommy,Brimblecomb,Male,31067.40,true
420,Giffard,Daveridge,Male,14710.50,false
421,Base,Fri,Male,34053.17,true
422,Sylvester,Maffini,Male,29354.25,true
423,Miguelita,Tedridge,Female,36885.52,true
424,Sergio,Durdle,Male,30323.75,true
425,Aurelia,Pawelski,Female,26790.74,true
426,Lee,Torricella,Female,14377.53,false
427,Smith,Cosgry,Male,24975.96,true
428,Mychal,Broek,Male,31471.99,true
429,Shaine,Hackley,Male,36790.37,true
430,Kelbee,Soda,Male,30413.07,false
431,Wilbur,Biles,Male,37388.11,false
432,Codi,Rodrigues,Female,36194.68,false
433,Gilberte,Pachmann,Female,29897.97,true
434,Isidro,Standeven,Male,21995.88,true
435,Rickie,Vannuccini,Female,15714.46,true
436,Geri,Till,Male,15451.69,true
437,Matty,Drennan,Female,39888.28,false
438,Mackenzie,Desouza,Male,26466.32,false
439,Stevie,Chamberlayne,Male,35913.46,true
440,Rebekkah,Perkis,Female,21746.03,false
441,Marcello,Key,Male,17250.79,false
442,Cosmo,Gillean,Male,38413.68,false
443,Lucio,Taplow,Male,25594.42,true
444,Trisha,By,Female,32072.39,true
445,Gerrie,Von Salzberg,Female,22827.48,true
446,Henderson,Veighey,Male,26703.28,true
447,Elizabet,Tume,Female,18732.18,true
448,Dorolice,Folland,Female,39397.61,true
449,Haleigh,Cradduck,Female,14177.04,false
450,Smitty,Stamps,Male,32870.30,false
451,Syd,Trahar,Male,23035.72,true
452,Kale,Bianco,Male,23256.25,false
453,Rozanna,Thomsen,Female,26132.82,false
454,Selia,Winscom,Female,25102.79,true
455,Nealy,Linzee,Male,25145.51,false
456,Nara,Lening,Female,22689.16,false
457,Wendell,Biddulph,Male,30335.90,false
458,Eadith,Romanin,Female,39134.02,false
459,Norri,Hazeldene,Female,37998.12,true
460,Karen,Josofovitz,Female,20790.54,true
461,Franky,Bissiker,Male,20417.76,true
462,Ham,Cosgrove,Male,17192.59,true
463,Carlynn,Marishenko,Female,15834.66,true
464,Janeta,Gallamore,Female,35038.63,false
465,Craggy,Mathy,Male,16876.30,false
466,Anya,Sawforde,Female,19618.98,false
467,Myrle,De Vuyst,Female,31085.47,true
468,Geneva,Hallihane,Female,28625.31,true
469,Ericha,Lyness,Female,13202.71,false
470,Lizette,Isitt,Female,35744.16,false
471,Arron,Comiam,Male,36744.68,true
472,Herold,McGeoch,Male,29628.82,true
473,Thorvald,Booth-Jarvis,Male,36435.23,true
474,Andromache,Cato,Female,23177.71,false
475,Cheryl,Chew,Female,32912.01,false
476,Brook,Sivills,Female,26092.06,false
477,Costa,Gillatt,Male,33255.69,false
478,Willy,Suermeier,Male,36163.19,false
479,Alonso,Leahair,Male,14491.46,true
480,Rance,Stacy,Male,39129.11,true
481,Rock,Bolduc,Male,37393.64,true
482,Cacilie,Klemke,Female,34776.29,false
483,Isidor,Ather,Male,22521.62,true
484,Farris,Aveling,Male,30740.10,false
485,Alene,Shorland,Female,34716.17,true
486,Hetti,Biernacki,Female,13486.64,false
487,Rodie,Karczinski,Female,30359.32,false
488,Wylma,Stonebanks,Female,23151.61,false
489,Linc,Franklin,Male,39482.33,false
490,Zabrina,Kearton,Female,23127.16,false
491,Jewell,Leathlay,Female,19863.82,false
492,Latrina,Macilhench,Female,38696.01,false
493,Hilton,Butterfield,Male,24872.77,false
494,Kristel,Scathard,Female,22318.13,true
495,Shaine,Kollach,Female,33624.26,true
496,Alfi,Simonini,Female,14113.39,true
497,Oriana,Hamel,Female,25634.69,false
498,Leontyne,Bishop,Female,26177.64,false
499,Kory,Broxup,Male,16114.50,true
500,Jaime,O'Hagerty,Male,19516.51,false
501,Perceval,Lewry,Male,25426.25,false
502,Darline,Melesk,Female,24780.91,false
503,Johan,Spiller,Male,27722.58,false
504,Charley,Tison,Male,37392.09,false
505,Jackie,Prigg,Male,37373.64,false
506,Ritchie,Drews,Male,33981.00,true
507,Halley,Pallatina,Female,36065.38,true
508,Fabio,Barti,Male,15760.48,false
509,Jeniffer,Rodmell,Female,26381.17,false
510,Gregoor,Rankmore,Male,31605.22,false
511,Desmond,Hymas,Male,33426.50,false
512,Tommie,Garlant,Female,26639.53,false
513,Linnet,Doddemeade,Female,26072.84,true
514,Willyt,D'eathe,Female,25616.97,false
515,Jule,Goddard,Male,39424.81,true
516,Rolfe,Lucien,Male,33790.47,true
517,Evey,Cartmell,Female,19374.76,true
518,Hermann,Maben,Male,18424.62,false
519,Dukie,Bamlett,Male,29698.38,false
520,Frederick,Hundell,Male,27631.69,false
521,Selma,Sollas,Female,28815.93,true
522,Elene,Tinker,Female,26465.98,false
523,Dani,Flaws,Female,31440.22,false
524,Chlo,Hellmer,Female,15411.41,true
525,Doralynne,Beckenham,Female,15912.51,false
526,Cindee,Beswick,Female,33993.86,true
527,Blanche,Kemson,Female,21619.05,false
528,Cordey,Mowsdale,Female,23319.46,true
529,Cora,Bigley,Female,35493.51,true
530,Cross,Allingham,Male,13293.44,false
531,Dean,Hornig,Male,21924.12,true
532,Gonzalo,Treble,Male,19889.91,false
533,Winona,Pietrzak,Female,22645.80,true
534,Madelene,Lempke,Female,23521.95,true
535,Billie,Reggio,Female,37306.42,true
536,Star,Zappel,Female,17245.89,false
537,Eve,Forsbey,Female,19206.18,false
538,Zsazsa,Gorries,Female,22673.65,false
539,Kalle,Casoni,Male,17376.21,false
540,Adolph,Heggman,Male,21669.80,true
541,Ramsey,Mesant,Male,26797.69,false
542,Thoma,Tanman,Male,34988.81,true
543,Mellicent,Dumke,Female,18640.17,false
544,Karole,Taylo,Female,26619.63,true
545,Noellyn,Wyke,Female,17822.40,true
546,Orren,Heminsley,Male,13717.40,false
547,Alfonso,Wais,Male,35692.71,false
548,Neely,Trowell,Female,35677.13,false
549,Darn,Castelain,Male,20078.16,false
550,Weidar,Plaid,Male,18926.56,true
551,Waite,Jeandet,Male,23087.67,false
552,Brant,McKomb,Male,19686.98,true
553,Vince,Bramer,Male,20515.11,false
554,Pincas,Kitteman,Male,34323.32,true
555,Buckie,Peschmann,Male,31288.01,false
556,Donal,MacDermand,Male,30754.39,false
557,Andy,Kinkade,Female,29174.14,true
558,Dorian,Dunsmuir,Female,20274.07,true
559,Carny,Fowlston,Male,31407.92,true
560,Davon,Calvard,Male,22750.78,false
561,Maria,Allcock,Female,21879.67,false
562,Duffie,Ingleson,Male,28084.90,false
563,Danika,Kreuzer,Female,28387.70,true
564,Maryanne,Rome,Female,18652.26,false
565,Joey,Camillo,Male,14192.71,false
566,Asa,Fasham,Male,29551.63,true
567,Chickie,Pitson,Female,29449.18,false
568,Edward,MacKellen,Male,22669.22,true
569,Dev,Bassill,Male,18791.60,false
570,Correy,Bispo,Male,22744.08,true
571,Raddie,Hiscocks,Male,38888.72,true
572,Alvy,Godthaab,Male,23174.97,true
573,Blake,Brick,Female,15239.49,false
574,De,Sitwell,Female,35953.52,false
575,Carlynne,Pury,Female,17450.06,false
576,Nicola,Pettecrew,Male,34257.01,true
577,Faith,Smitton,Female,18279.18,true
578,Alfie,Scarff,Male,33361.04,false
579,Gusti,Curston,Female,35977.11,false
580,Thorin,Marcq,Male,30885.82,true
581,Clyve,Moatt,Male,39195.31,false
582,Jesse,Lishman,Male,14512.54,true
583,Candida,Mateu,Female,28097.47,true
584,Esteban,Sandeford,Male,24025.38,false
585,Otha,Prop,Female,18365.85,false
586,Rubia,Reedy,Female,25004.30,false
587,Lizbeth,Birdsall,Female,36461.33,true
588,Patrizia,Conkie,Female,24660.65,true
589,Arluene,Gallihaulk,Female,19842.15,true
590,Kellby,Borres,Male,20044.53,true
591,Zorina,Tyndall,Female,15227.72,false
592,Tess,de Quesne,Female,35449.01,false
593,Corbie,Beche,Male,16249.92,true
594,Abrahan,Stobo,Male,22897.61,false
595,Merrel,Ruperto,Male,21788.25,true
596,Thedrick,Swarbrick,Male,16245.81,true
597,Lothaire,Florence,Male,26710.25,true
598,Stirling,Dondon,Male,38575.10,true
599,Jocko,Matkovic,Male,29951.69,false
600,Hamlin,Ommundsen,Male,35106.05,false
601,Valida,Meredyth,Female,33782.37,true
602,Kissee,Busswell,Female,29852.17,true
603,Barn,Lode,Male,39424.16,true
604,Leonie,MacArd,Female,25950.28,true
605,Jodie,Koomar,Male,13862.86,true
606,Fawn,Cisson,Female,36424.56,true
607,Filide,Longhorn,Female,19782.39,true
608,Lila,Benedict,Female,32818.06,true
609,Kev,Jeffry,Male,34060.44,true
610,Lodovico,Mereweather,Male,27584.75,true
611,Connor,Oki,Male,14307.67,true
612,Ciel,Blade,Female,19578.30,false
613,Pieter,Antonomolii,Male,28216.34,false
614,Gabriella,Bryenton,Female,22669.36,false
615,Zaccaria,Krzysztof,Male,29394.92,false
616,Shalna,Gordon-Giles,Female,23519.00,false
617,Vilma,Bayne,Female,36044.82,false
618,Clementine,Yesenin,Female,31391.85,true
619,Allie,Stoffers,Female,21580.47,false
620,Paula,Vaux,Female,18724.06,true
621,Dimitri,Searles,Male,34949.16,true
622,Margret,Lumpkin,Female,21013.57,true
623,Chloe,Patching,Female,33552.26,true
624,Ronny,Eastham,Male,33636.73,true
625,Leeanne,Millyard,Female,22152.84,true
626,Orrin,Dorset,Male,34132.08,false
627,Aldrich,Grigson,Male,24542.09,true
628,Tiffy,Esposita,Female,20285.21,true
629,Ora,Kondrachenko,Female,32756.20,false
630,Rutherford,Schuster,Male,23650.19,true
631,Karlik,Dunkersley,Male,15782.80,true
632,Adelaide,Chelley,Female,28127.52,false
633,Loy,Nattriss,Male,19638.66,false
634,Zora,Benoiton,Female,25473.53,true
635,Franz,Chesterman,Male,21829.33,true
636,Ivett,Sapey,Female,35020.96,true
637,Wit,Yellowlea,Male,32249.31,false
638,Fraser,Privost,Male,20403.92,true
639,Herrick,Westmoreland,Male,39244.27,false
640,Wilfred,Morritt,Male,28546.58,true
641,Aurore,Spaxman,Female,18246.46,false
642,Ruttger,Yetts,Male,35597.97,true
643,Aymer,Jaslem,Male,35121.16,false
644,Derwin,Keyho,Male,18662.42,true
645,Jerald,Kolyagin,Male,28018.60,false
646,Kingsly,Daglish,Male,25911.84,true
647,Danni,Wakelam,Female,35026.32,false
648,Alina,Diable,Female,36815.54,false
649,Pooh,Piscotti,Male,35086.42,true
650,Gabriel,Beddoe,Female,25523.59,false
651,Lyndell,Iglesias,Female,14438.29,true
652,Reiko,Swyer-Sexey,Female,15490.52,true
653,Cary,Challicombe,Male,13937.40,true
654,Serene,Briereton,Female,28449.17,false
655,Celesta,Romero,Female,34243.83,false
656,Hedy,Slyne,Female,33329.83,true
657,Gail,Cavendish,Male,32597.24,true
658,Antonetta,Belch,Female,17129.86,false
659,Katusha,Pedlingham,Female,24615.28,false
660,Zita,Southon,Female,24328.77,false
661,Garland,Devenish,Female,34622.23,false
662,Kissee,Pelman,Female,36152.91,false
663,Kile,Stoeckle,Male,39382.20,false
664,Benedikt,Hallows,Male,30717.01,true
665,Kerk,Zanussii,Male,21224.43,false
666,Mercie,Chesshyre,Female,24822.46,false
667,Corabelle,Corbett,Female,24155.63,false
668,Boy,Devo,Male,13698.07,false
669,Henri,Klaassens,Male,30187.19,true
670,Darcey,Passman,Female,32471.07,true
671,Fanya,Matuszewski,Female,36082.32,false
672,Johnathan,Bainbrigge,Male,27315.76,false
673,Cyrus,Cremin,Male,18708.78,false
674,Kristina,Thebes,Female,24887.13,false
675,Garrett,Ninotti,Male,32289.68,true
676,Morse,Perrie,Male,25062.70,true
677,Winfield,Carcass,Male,36318.48,false
678,Jourdan,Agronski,Female,21470.12,true
679,Bryce,Ollie,Male,26686.67,true
680,Rebecka,Flippini,Female,37084.65,true
681,Dugald,Townshend,Male,33892.45,true
682,Mycah,MacManus,Male,27012.40,true
683,Baryram,Cowdray,Male,35173.58,false
684,Val,Scibsey,Male,16392.56,true
685,Sargent,Staddart,Male,19989.29,false
686,Darrin,Peschke,Male,27175.98,false
687,Carilyn,Voak,Female,34936.85,true
688,Cameron,Revington,Male,17961.71,false
689,Land,Hurich,Male,15917.00,false
690,Olivero,Hannond,Male,18906.47,true
691,Drew,Bausmann,Male,34309.70,true
692,Richmound,Wimbridge,Male,22559.85,false
693,Hortensia,Arrault,Female,30958.05,false
694,Jock,Marton,Male,38617.76,false
695,Harli,MacBain,Female,38907.82,true
696,Wake,Michelotti,Male,38082.71,false
697,Suzi,Coole,Female,34269.81,false
698,Juana,Vasilov,Female,26852.25,false
699,Maribelle,Worssam,Female,14602.14,true
700,Aldwin,Frangello,Male,27869.61,false
701,Tabina,Plett,Female,32352.91,false
702,Vivie,Chalker,Female,15238.13,true
703,Porty,Lening,Male,30912.92,true
704,Veronike,Beeken,Female,18365.70,false
705,Kirbie,Cowsby,Female,27331.69,false
706,Roderigo,Leele,Male,26219.57,true
707,Amory,Rugge,Male,24893.06,false
708,Noni,Kiendl,Female,37598.24,true
709,Kennith,Bearblock,Male,36365.88,true
710,Lilla,Aubin,Female,27021.32,true
711,Cort,Worcester,Male,17565.84,false
712,Sara,Roxbee,Female,39083.21,false
713,Issiah,Tupman,Male,34712.45,false
714,Hayes,Rainy,Male,18494.17,false
715,Lillian,Proven,Female,35838.39,true
716,Cullan,Vant,Male,36246.93,false
717,Shurwood,Pawelec,Male,27997.02,true
718,Rupert,Nelsey,Male,27760.52,true
719,Briana,Feasby,Female,32614.52,false
720,Ethan,Delepine,Male,38552.52,false
721,Zared,Chastenet,Male,33692.48,false
722,Abba,Colton,Male,36580.26,true
723,Ogdon,Barmadier,Male,29139.26,true
724,Gale,Godspeede,Male,29617.09,true
725,Daryn,Juszczak,Female,36601.70,false
726,Suellen,Boissier,Female,35996.78,true
727,Tybie,Fosberry,Female,33729.73,true
728,Jerrylee,Davidavidovics,Female,14522.22,false
729,Raffarty,Lorand,Male,24175.92,true
730,Birgitta,Nail,Female,28053.00,false
731,Anatollo,McKirton,Male,14638.98,true
732,Huntley,Leirmonth,Male,30494.36,false
733,Odele,Tuhy,Female,38536.97,false
734,Kris,Niccols,Female,15432.00,true
735,Fredi,Houlston,Female,15677.33,true
736,Herbert,Jiggen,Male,21782.89,false
737,Wilbert,Wilsey,Male,20340.47,true
738,Denyse,Smewin,Female,23720.03,false
739,Fleming,Rihosek,Male,20072.47,false
740,Sara-ann,Benyan,Female,26394.02,true
741,Claresta,Bickerstaff,Female,32441.09,false
742,Caroline,Whitehair,Female,29013.31,false
743,Leonardo,Faulkner,Male,17816.68,false
744,Fonsie,Blasio,Male,15133.15,false
745,Maximilian,Cracknall,Male,31119.06,true
746,Archibaldo,Bazylets,Male,37401.94,true
747,Roddy,Mathewes,Male,32568.97,false
748,Zared,Speers,Male,22597.11,false
749,Silva,Ickovici,Female,25764.14,false
750,Frank,Jessard,Male,16435.38,false
751,Benji,Tarbath,Male,29864.01,true
752,Benedicto,Swyne,Male,24590.41,false
753,Talbert,MacMaster,Male,37367.01,false
754,Emilie,Bretton,Female,34930.31,true
755,Roslyn,Blunsum,Female,23108.37,true
756,Farra,Kesteven,Female,39802.82,true
757,Denna,Kimpton,Female,26545.23,false
758,Esteban,Jados,Male,35198.37,false
759,Dale,Applewhaite,Female,27640.78,true
760,Valene,Andreutti,Female,30094.51,false
761,Nari,Claussen,Female,28502.94,false
762,Cathyleen,Shoubridge,Female,24510.50,false
763,Olav,Priestnall,Male,23625.61,false
764,Dalt,McGilben,Male,17285.13,false
765,Ignatius,O'Howbane,Male,29933.69,true
766,Merrili,Brigge,Female,18310.46,false
767,Emmett,Berkley,Male,39297.42,false
768,Ruddie,Lehemann,Male,34367.75,false
769,Beatrix,Campe,Female,23410.74,true
770,Maynard,Antuk,Male,34811.38,true
771,Marillin,Chandlar,Female,25485.75,false
772,Garfield,Wimpey,Male,20567.53,false
773,Leon,Brokenshaw,Male,22332.16,true
774,Brigg,O'Dooghaine,Male,29308.40,false
775,Nikki,Deeson,Male,29555.21,false
776,Vinny,Lovat,Female,21649.90,true
777,Kelly,Doerling,Male,23580.69,true
778,Desmond,Bielfeldt,Male,17030.04,true
779,Oren,Spittle,Male,18145.14,true
780,Boyd,Edkins,Male,14951.13,true
781,Rubin,Cliburn,Male,25830.62,true
782,Piper,McCorry,Female,18953.05,true
783,Maryrose,Bastian,Female,36468.25,false
784,Lydon,Gulleford,Male,20959.16,false
785,Lotte,Pooke,Female,14405.65,false
786,Kalle,Jordi,Male,20083.74,false
787,Torrie,Bickell,Female,39985.28,false
788,Nettle,Hutsby,Female,29525.13,true
789,Doreen,Freddi,Female,21333.59,true
790,Rip,Coronas,Male,30724.69,true
791,Skipton,Heninghem,Male,16015.40,false
792,Talbert,Capper,Male,25986.38,true
793,Friedrich,Yeats,Male,34094.34,false
794,Reginauld,Dudmarsh,Male,31759.26,false
795,Gerrard,Sartain,Male,13041.15,true
796,Marin,Hyrons,Female,19533.10,true
797,Dasie,Prahl,Female,31629.01,true
798,Billie,Richly,Male,14390.31,true
799,Lanni,Dignall,Female,13400.13,true
800,Parke,Grocock,Male,31651.49,false
801,Kim,Rosson,Male,20897.41,true
802,Royce,Giocannoni,Male,30670.55,true
803,Milicent,Bevir,Female,25494.71,true
804,Lizette,Jobern,Female,19434.73,false
805,Gaby,Atherton,Male,38864.86,true
806,Ericha,Hentzeler,Female,29265.22,false
807,Neils,Hubbucke,Male,18029.47,false
808,Rosalia,Feedome,Female,35493.37,false
809,Patsy,Gullen,Male,22084.29,true
810,Yehudi,Seeking,Male,27511.25,false
811,Odele,Hebdon,Female,26537.01,true
812,Shannon,Legonidec,Male,23130.44,true
813,Sioux,Gotter,Female,14080.38,true
814,Alvira,Spinelli,Female,20185.27,false
815,Hephzibah,Hairyes,Female,39151.83,true
816,Irv,Gutowska,Male,13161.54,true
817,Blinni,Oddey,Female,13694.47,false
818,Blondy,Clayson,Female,25083.29,false
819,Rance,Shawyer,Male,34060.48,false
820,Codie,Field,Female,16015.23,false
821,Ninnetta,Clelland,Female,33292.27,true
822,Wolfgang,Cino,Male,15598.85,true
823,Una,Gaiford,Female,19114.27,true
824,Granthem,Bettley,Male,32305.19,true
825,Angelia,Eglaise,Female,34061.79,false
826,Bethina,Chellingworth,Female,34865.68,false
827,Layla,Lambdean,Female,27204.67,false
828,Lotty,Ashfull,Female,35745.65,false
829,Hakim,Tuting,Male,36713.43,false
830,Gerda,Josefsohn,Female,22953.50,true
831,Lorain,Luscombe,Female,28154.04,true
832,Eduino,Ritchard,Male,36040.85,false
833,Shirlene,Mengue,Female,33324.66,true
834,Justine,Cochran,Female,20451.58,false
835,Ariana,Gillivrie,Female,39804.41,true
836,Edeline,Badrick,Female,37729.77,true
837,Currey,Beames,Male,26801.23,false
838,Cristina,Garlic,Female,26763.74,false
839,Noemi,Semered,Female,15535.52,false
840,Jodee,Jagson,Female,36101.91,true
841,Kaiser,Shallcroff,Male,25597.20,true
842,Fleming,Rispine,Male,18674.20,false
843,Ardyth,Dauber,Female,16119.56,true
844,Esta,Potell,Female,15431.86,true
845,Hobart,Devonside,Male,37366.33,true
846,Cthrine,Rigden,Female,37245.80,false
847,Thaine,Coche,Male,15693.32,false
848,Tedie,Milroy,Male,38078.10,false
849,Marne,Doughtery,Female,34719.67,true
850,Latrena,Selliman,Female,16923.74,false
851,Glenn,Faye,Female,38987.95,true
852,Tabbie,Comino,Male,38706.61,false
853,Maximilien,Battaille,Male,17851.46,true
854,Danielle,Fiander,Female,30985.35,false
855,Jehu,Linkie,Male,38308.42,false
856,Itch,Rosenwasser,Male,19529.28,true
857,Anson,Campling,Male,36856.39,true
858,Georas,Carberry,Male,18746.99,true
859,Vernen,Lefeaver,Male,25526.76,false
860,Nappie,Raulin,Male,20423.59,true
861,Alberto,Ginty,Male,34044.09,true
862,Claudie,Kernes,Female,27929.02,false
863,George,Syrad,Female,33073.33,false
864,Giulio,Cammack,Male,28648.74,true
865,Breanne,Weatherdon,Female,39764.43,false
866,Leupold,Gilmartin,Male,36315.71,false
867,Maynord,Jedraszczyk,Male,22874.46,true
868,Arvie,Vanin,Male,16872.74,false
869,Ofelia,Hamberston,Female,39223.46,false
870,Merilee,Bantham,Female,27401.50,false
871,Evvie,McQuillen,Female,30982.43,false
872,Carlina,Ivoshin,Female,38807.91,false
873,Kristy,Woollin,Female,14052.83,false
874,Reamonn,Bouzan,Male,14185.49,true
875,Thaxter,Chidwick,Male,20467.89,false
876,Jeremie,Malthus,Male,21397.79,false
877,Maurizia,Fulks,Female,39170.59,false
878,Elisabet,Zorzi,Female,33695.12,true
879,Bob,O'Fairy,Male,18859.06,true
880,Clio,Krink,Female,14160.38,false
881,Fidel,Drabble,Male,25516.77,true
882,Vevay,O'Flaverty,Female,28227.39,false
883,Dani,Jessep,Male,32421.96,false
884,Courtney,Crockett,Male,36317.36,false
885,Tallou,Sones,Female,14970.19,true
886,Winnie,Danielsson,Female,20781.56,true
887,Devora,Troak,Female,33875.16,false
888,Kaleena,Plues,Female,21717.47,true
889,Gus,Cattenach,Male,18371.32,false
890,Khalil,Andersson,Male,25796.88,true
891,Lem,Hatliff,Male,26091.20,true
892,Addie,Di Roberto,Male,38524.64,false
893,Jon,Fee,Male,23692.60,true
894,Konstance,Vertey,Female,24564.00,true
895,Jamaal,Basnall,Male,37606.15,true
896,Vinny,Burvill,Male,21219.08,false
897,Chance,Ogger,Male,27220.28,true
898,Lia,Barnsdale,Female,30085.36,false
899,Rube,Hillen,Male,32117.43,false
900,Rex,Smeed,Male,21594.21,false
901,Glen,Flecknoe,Male,29429.15,false
902,Gavan,Grute,Male,16491.23,false
903,Papagena,Rentenbeck,Female,17551.03,true
904,Alix,Sturte,Male,26111.95,true
905,Starla,Climance,Female,15402.92,true
906,Jess,Bullivent,Female,30226.80,false
907,Shepperd,Aloshikin,Male,17519.10,false
908,Jeffy,Kobsch,Male,33114.69,true
909,Egon,Chicken,Male,38542.88,true
910,Cara,Cunniffe,Female,17839.49,false
911,Aaren,Pickance,Female,34817.05,false
912,Sabina,Drillingcourt,Female,21718.45,false
913,Michel,Jordon,Female,38750.40,true
914,Giuseppe,Pigne,Male,22404.01,false
915,Dena,Gaitung,Female,18568.69,true
916,Melina,Ferby,Female,39340.94,true
917,Verney,Cadlock,Male,20466.92,false
918,Francklyn,Bello,Male,27043.25,true
919,Decca,Daouze,Male,13585.81,false
920,Erik,Cowdray,Male,27389.83,false
921,Linda,Jeacocke,Female,34604.30,true
922,Franciskus,Trunby,Male,27186.72,true
923,Ashia,Barber,Female,19039.44,true
924,Kain,Garmston,Male,16390.36,false
925,Tracy,Fritzer,Male,22135.87,false
926,Nertie,Medgewick,Female,37877.35,false
927,Aubine,Pauls,Female,36904.73,false
928,Loutitia,Eglaise,Female,34508.75,false
929,Margit,Turner,Female,16895.08,false
930,Davina,Jacqueminet,Female,14040.51,true
931,Ricoriki,Hasel,Male,18869.68,true
932,Donnajean,Lumbley,Female,36935.25,false
933,Giovanni,Banger,Male,37569.44,true
934,Sara-ann,Hundey,Female,17769.58,true
935,Aloise,Gregorace,Female,39021.99,true
936,Oswell,Kitteman,Male,36251.15,false
937,Shawnee,Teague,Female,30108.59,false
938,Cara,Chewter,Female,17342.06,false
939,Melisent,Deniskevich,Female,35452.93,false
940,Trixie,Pilpovic,Female,31337.93,true
941,Cristal,Hampshire,Female,39389.11,false
942,Emili,Kleinholz,Female,34173.69,false
943,Hamnet,Schoolfield,Male,37302.99,true
944,Ysabel,Harmer,Female,23795.52,false
945,Verla,Askew,Female,13894.89,true
946,Emma,Labroue,Female,25726.92,true
947,Michael,Bradwell,Male,34571.31,true
948,Joseito,Dauber,Male,35549.63,false
949,Doralin,Artis,Female,16511.49,false
950,Vincenz,Beacroft,Male,20155.43,true
951,Baxie,Caren,Male,38997.92,false
952,Kalli,Lowder,Female,24808.82,false
953,Frederick,Paulucci,Male,21581.87,false
954,Emmanuel,Hulson,Male,25966.94,false
955,Albertina,Faust,Female,18900.57,false
956,Hobart,Krauss,Male,37674.41,false
957,Sansone,Blazey,Male,38481.08,false
958,Isidor,Titterton,Male,22635.46,true
959,Cindi,Hammerich,Female,22237.33,true
960,Cosmo,Stickland,Male,18608.53,false
961,Ardella,Gottelier,Female,20502.14,true
962,Borg,Floyd,Male,25801.43,true
963,Irv,Minot,Male,14231.07,true
964,Karoly,Knapp,Male,18695.82,true
965,Romy,Seary,Female,24177.36,false
966,Elaine,Dawdary,Female,17003.17,false
967,Tatum,Eakly,Female,34493.46,false
968,Ingaborg,Heaslip,Female,26698.62,true
969,Sharron,Oppery,Female,28894.17,false
970,Philipa,Kimber,Female,26654.03,false
971,Esra,Bahlmann,Male,39916.00,false
972,Earl,Ward,Male,19398.40,false
973,Devora,Biever,Female,24168.43,false
974,Simonette,Larter,Female,18370.85,true
975,Cicily,Millwater,Female,22893.80,false
976,Johnny,Burne,Male,37337.38,false
977,Zarah,Falconar,Female,32783.88,false
978,Dante,Sempill,Male,23283.98,true
979,Bettina,Ivanonko,Female,23896.82,true
980,Carmine,Cutmore,Female,27036.31,false
981,Reeba,Posselow,Female,22931.00,false
982,Cecilius,McGiffin,Male,14845.71,false
983,Raffaello,Hancock,Male,31091.65,false
984,Delmore,Mews,Male,36911.01,false
985,Bianca,Oddy,Female,35721.83,true
986,Innis,Triswell,Male,31206.46,true
987,Melvin,Orriss,Male,33217.59,false
988,June,Folkes,Female,39915.12,true
989,Massimo,McBlain,Male,36490.08,true
990,Rivy,Holehouse,Female,21650.55,false
991,Claresta,Kobes,Female,19522.39,false
992,Luelle,Pitkeathly,Female,35692.46,true
993,Jacques,Attwill,Male,24991.95,true
994,Jeremy,Cousin,Male,38894.66,false
995,Ashlan,Kibbe,Female,26634.77,true
996,Lauralee,Sunnucks,Female,38347.73,true
997,Kort,Malden,Male,34949.76,true
998,Molli,Zuenelli,Female,13036.09,true
999,Lucian,Penrice,Male,31897.82,false
1000,Shane,Eldritt,Male,15597.33,true
