CUST ID,first_name,last_name,gender,Salary,Married
1,Lefty,Hendrichs,Male,24271.66,true
2,Sianna,Nassey,Female,19605.75,true
3,Shaun,Rumens,Female,37485.69,false
4,Hobard,Lanigan,Male,24004.02,true
5,Zara,Westmorland,Female,15189.54,false
6,Melanie,Leys,Female,20035.89,false
7,Thaxter,Gussie,Male,15305.22,false
8,Bobina,Gillham,Female,19744.40,true
9,Clarey,Derill,Female,16007.30,true
10,Abbe,Chatres,Female,27927.14,true
11,Davide,Beeckx,Male,17562.85,false
12,Jarvis,Cinderey,Male,23021.33,true
13,Bondy,Giannazzo,Male,35387.65,true
14,Nara,Bromage,Female,25132.70,true
15,Julio,Hovenden,Male,26057.13,true
16,Thomas,McGuigan,Male,22246.29,true
17,Hilary,Jeannet,Male,31201.65,true
18,Miltie,Haye,Male,31139.74,false
19,Evonne,Craister,Female,19452.79,false
20,Alexandre,Faunch,Male,18604.79,false
21,Ennis,De Cruz,Male,25354.75,true
22,Ardith,O'Gleasane,Female,37257.87,true
23,Gay,Alvarado,Male,19438.05,true
24,Hakim,Greathead,Male,19426.16,true
25,Sunshine,Guyton,Female,19737.28,false
26,Myer,Simcox,Male,17650.85,true
27,Netta,Bienvenu,Female,13206.86,true
28,Leslie,Fucher,Male,34723.05,true
29,Bren,Healey,Male,25138.95,true
30,Urbano,Dudny,Male,36691.48,false
31,Halimeda,Hyde-Chambers,Female,23437.50,true
32,Herrick,Coldwell,Male,22980.07,true
33,Avictor,Alltimes,Male,26275.42,false
34,Inge,Ellcome,Female,14682.11,false
35,Myrtle,Enston,Female,14778.94,true
36,Kellina,Labell,Female,31195.71,true
37,Dixie,Dommett,Female,17658.97,false
38,Merrel,Ploughwright,Male,17316.46,false
39,Lonna,Mattessen,Female,39589.63,true
40,Vincenty,Mortell,Male,37965.02,true
41,Scarface,Osmon,Male,20219.90,false
42,Shanda,Skett,Female,38658.27,true
43,Davy,Tegeller,Male,31887.43,false
44,Esma,Bedingfield,Female,24043.99,false
45,Anna-diane,Ingliby,Female,23264.65,true
46,Shepperd,Brumfield,Male,13721.53,true
47,Eustacia,De Ruel,Female,37902.86,false
48,Garey,Olivia,Male,38337.30,true
49,Roddie,Sennett,Male,20371.96,true
50,Vivian,Bendik,Female,28726.26,true
51,Joelly,Freemantle,Female,13386.36,false
52,Jermaine,Cosgrave,Female,18104.90,true
53,Brandy,Mollene,Male,23714.93,true
54,Patrica,Pllu,Female,28745.08,true
55,Wendall,Grzegorzewski,Male,31401.75,true
56,Felicio,Nehl,Male,29998.49,false
57,Chrysler,January,Female,34251.39,true
58,Raffaello,Merck,Male,17776.54,true
59,Neel,Ironside,Male,25099.85,true
60,Jaymee,Egerton,Female,19205.76,false
61,Mason,Rikel,Male,36055.86,true
62,Giorgia,Janiszewski,Female,30611.83,true
63,Sonya,Ripping,Female,38204.72,true
64,Junie,Bending,Female,28727.32,false
65,Aurelea,MacCosto,Female,22914.02,false
66,Michale,Suggate,Male,30085.25,false
67,Carole,Fairburn,Female,32025.56,false
68,Felizio,Hayton,Male,27949.38,false
69,Addie,Baudain,Male,28710.08,false
70,Sarena,Bowser,Female,29725.03,false
71,Selia,Spiaggia,Female,29621.48,true
72,Amelina,Jaume,Female,29195.46,true
73,Marjy,Skeech,Female,32950.38,false
74,Cris,Griggs,Male,32601.99,false
75,Silvanus,Rigden,Male,38965.97,true
76,Shandra,Gallifont,Female,27055.04,false
77,Mervin,Quiddington,Male,14120.61,true
78,Marchall,Thickens,Male,31179.82,true
79,Lucinda,Comberbach,Female,22902.93,true
80,Willard,Hancill,Male,18647.75,false
81,Darbie,Stanfield,Female,33476.14,false
82,Dukey,Salmen,Male,26119.76,false
83,Coralyn,Briiginshaw,Female,22302.69,false
84,Pincus,Kupka,Male,31423.72,true
85,Starla,Forton,Female,17948.99,false
86,Terence,Aisman,Male,15027.71,true
87,Kristan,Kobke,Female,13747.43,true
88,Leon,Dillaway,Male,22713.00,false
89,Roi,Finlator,Male,35721.01,true
90,Carri,Gisbourn,Female,21512.69,false
91,Hal,Manolov,Male,39258.34,false
92,Leeland,Curme,Male,16165.30,false
93,Fowler,Barts,Male,28154.93,false
94,Clary,Laurie,Female,28591.52,false
95,Karlie,Lamburne,Female,25929.92,true
96,Alfonse,Sheringham,Male,20099.28,false
97,Werner,Granleese,Male,31900.67,false
98,Gretal,Snartt,Female,29677.38,false
99,Bourke,Apfelmann,Male,24424.34,false
100,Shirleen,Coils,Female,33638.02,true
101,Sampson,Blakemore,Male,20187.09,false
102,Ephrayim,Burtwell,Male,18756.52,false
103,Eveleen,Rainsbury,Female,31002.60,false
104,Robenia,Franiak,Female,39683.89,false
105,Tobiah,Eddow,Male,36229.68,true
106,Ange,Di Biagi,Female,15398.20,false
107,Luz,Pegden,Female,32036.91,false
108,Renelle,Montier,Female,17531.38,false
109,Bev,Woodlands,Female,37806.72,true
110,Ilise,Richardon,Female,33365.15,false
111,Ivie,Gerler,Female,26038.88,false
112,Farr,Terrelly,Male,26058.97,true
113,Rafael,Boyle,Male,16256.00,true
114,Isidro,Valero,Male,18822.75,true
115,Sutherlan,Fairfoull,Male,23266.00,false
116,Shamus,Liffey,Male,18451.23,true
117,Hamlen,Rosenkrantz,Male,23736.31,true
118,Ethe,Barr,Male,29244.53,true
119,Shelby,Neachell,Female,36862.50,true
120,Krissy,Kedwell,Female,33360.72,true
121,Rhiamon,Duchart,Female,23088.85,true
122,Julieta,Lilleyman,Female,27990.37,true
123,Eleni,Kasher,Female,29313.81,false
124,Elicia,Jankovic,Female,38036.59,true
125,Xenia,Witherop,Female,32191.32,true
126,Zak,Boriston,Male,29545.06,true
127,Bret,Fawltey,Male,25385.60,false
128,Jeanna,Jewer,Female,36243.81,false
129,Noami,Horning,Female,18523.09,false
130,Evanne,Nisot,Female,39992.74,false
131,Avram,Plews,Male,16812.03,true
132,Cordell,Craigmyle,Male,25979.43,true
133,Janet,Souley,Female,31621.73,false
134,Michell,Fransemai,Female,39390.63,false
135,Caz,Emma,Male,27403.90,true
136,Wrennie,Livezey,Female,18764.10,false
137,Renault,Quidenham,Male,26658.38,true
138,Carolann,Reaman,Female,25203.43,true
139,Kristal,Gallichiccio,Female,37152.90,true
140,Zedekiah,Tremathick,Male,28211.64,false
141,Sherrie,Thaxter,Female,32775.21,true
142,Gabriel,Belf,Male,20968.10,false
143,Bobine,Bordes,Female,35325.18,true
144,Wyatan,Tither,Male,20644.10,false
145,Ruby,Audibert,Male,36089.63,true
146,Aleen,Hickford,Female,34497.75,true
147,Brandy,Handscombe,Female,32372.20,true
148,Ardene,Bartlomiejczyk,Female,28862.96,true
149,Andrei,Ambroise,Female,13744.60,true
150,Lilith,Edinburough,Female,35476.18,false
151,Moore,Burrell,Male,16896.71,false
152,Terra,Blackaller,Female,29432.34,false
153,Godard,Ravenhills,Male,26392.60,false
154,Woodman,Garlett,Male,24093.71,false
155,Carilyn,Gotfrey,Female,23130.19,true
156,Prescott,Lightollers,Male,39704.55,true
157,Dirk,Carne,Male,21238.25,true
158,Puff,Usherwood,Male,34658.05,false
159,Gilly,McGeneay,Female,32546.28,false
160,Krystle,Ondracek,Female,18219.83,false
161,Hanan,Jellybrand,Male,27606.50,true
162,Inessa,Kelbie,Female,34293.95,false
163,Hew,Grigorushkin,Male,23604.59,false
164,Wendeline,Hoodless,Female,19876.63,true
165,Morganica,Cabral,Female,39909.97,true
166,Klara,Whorlow,Female,31057.28,false
167,Farra,Biffen,Female,38564.83,false
168,Luella,Etchingham,Female,26063.55,true
169,Shay,Petrina,Male,23783.73,true
170,Colan,Mairs,Male,13962.99,true
171,Zachariah,Boutwell,Male,25062.08,false
172,Ivar,Fayter,Male,19440.22,true
173,Pippy,Denning,Female,17689.74,true
174,Jeffie,Gammell,Male,22484.96,true
175,Minerva,Coweuppe,Female,31003.55,true
176,Lori,Halesworth,Female,34517.62,false
177,Abby,Norcliff,Male,29010.07,false
178,Kacey,Ding,Female,32414.69,false
179,Shena,Rey,Female,31440.35,false
180,Clemmy,Szachniewicz,Male,19805.69,false
181,Nollie,Heibl,Male,18333.08,true
182,Boony,Aulsford,Male,29074.63,false
183,Agata,Vinas,Female,36722.75,false
184,Tam,Peddersen,Male,37900.54,true
185,Scot,Hugonnet,Male,29779.52,false
186,Obediah,Windus,Male,13120.23,false
187,Alfredo,Domleo,Male,21975.67,true
188,Aggie,Kempson,Female,16228.24,true
189,Whitney,Swatridge,Male,23416.14,true
190,Essa,Cody,Female,32277.00,true
191,Else,Weldon,Female,18191.67,false
192,Doll,Duffit,Female,23588.39,false
193,Letty,Airs,Female,26007.36,true
194,Rhetta,Haggis,Female,25414.41,true
195,Christian,Evesque,Male,34666.11,false
196,Shaw,Bortolozzi,Male,24656.95,true
197,Kynthia,Nouch,Female,14123.25,true
198,Neda,Roust,Female,18112.43,true
199,Hillary,Hatfull,Male,20018.61,true
200,Shanan,Cadlock,Male,18674.31,false
201,Clem,Scrivinor,Female,27730.83,true
202,Danika,Thunnercliffe,Female,27651.73,true
203,Papageno,MacColl,Male,15671.21,false
204,Ibby,Casillis,Female,19136.23,true
205,Ferdy,Ellins,Male,26530.49,true
206,Chaunce,Abadam,Male,28175.76,true
207,Gretna,Aldcorn,Female,18918.09,false
208,Sissy,Pace,Female,27133.81,true
209,Chick,Stockin,Male,15827.72,false
210,Brenn,Combe,Female,23610.86,true
211,Jephthah,Farloe,Male,32679.58,true
212,Venita,De Freyne,Female,21033.28,true
213,Gaylor,Ardley,Male,25896.38,true
214,Orsola,Corrado,Female,22849.50,true
215,Giustina,Pietzke,Female,35126.70,true
216,Dominique,Bancroft,Male,29931.78,false
217,Marcellina,Duxbarry,Female,31486.16,true
218,Eba,Molineaux,Female,23177.55,false
219,Andrea,Stiggles,Male,18954.83,false
220,Uta,Kidston,Female,24614.67,false
221,Brunhilda,Shoebrook,Female,34956.78,false
222,Gare,Merigon,Male,19833.88,true
223,Virgilio,Culwen,Male,15627.64,false
224,Kissiah,Faulkener,Female,23169.26,false
225,Filbert,Rewcassell,Male,27566.22,true
226,Trude,Mauser,Female,38987.47,true
227,Martita,Northridge,Female,28983.37,true
228,Claudius,Keer,Male,28425.19,false
229,Arleen,Dillingston,Female,35390.51,false
230,Lorne,Iacopetti,Female,17758.60,true
231,Violet,Siddall,Female,17177.80,false
232,Andras,Awcock,Male,38500.11,true
233,Larry,Neeson,Male,27297.81,true
234,Rosco,Hackett,Male,15394.51,true
235,Angil,Livard,Female,14510.08,false
236,Tova,Cahalan,Female,39983.69,true
237,Jobi,Reiach,Female,31499.89,true
238,Graham,Whitefoot,Male,19387.71,false
239,Dallas,Denkel,Male,20456.30,false
240,Chevalier,Lumb,Male,21214.50,true
241,Steven,Cicetti,Male,39919.25,false
242,Artemis,Adess,Male,20925.04,false
243,Alex,Erik,Male,15702.87,false
244,Marjie,Cleveley,Female,27781.11,true
245,Leicester,Blandamore,Male,33562.34,true
246,Micheil,Stygall,Male,38455.85,true
247,Peggie,Alvaro,Female,26487.00,true
248,Wade,Giuroni,Male,27357.59,false
249,Sheelagh,Johananoff,Female,17712.16,true
250,Delora,Tarte,Female,36083.59,true
251,Harriett,Seywood,Female,26557.59,false
252,Blancha,Colcomb,Female,29309.59,false
253,Gae,Zack,Female,14835.17,true
254,Mirna,Gheorghie,Female,18623.29,true
255,Hewet,Firmin,Male,37383.86,true
256,Darsie,Couth,Female,33921.25,false
257,Tory,Balcock,Female,38490.51,true
258,Monique,Bolitho,Female,16684.48,false
259,Abigael,Pocklington,Female,13661.84,false
260,August,Tommen,Male,30358.43,true
261,Aurelea,Farrimond,Female,18651.41,false
262,Gard,Lynes,Male,26681.42,false
263,Catha,Lever,Female,36495.70,false
264,Jacinthe,Sail,Female,36921.79,false
265,Merrile,Spenley,Female,34008.37,false
266,Kacey,Cawkill,Female,32218.16,false
267,Hasty,Geeve,Male,15249.76,true
268,Keely,Roch,Female,23456.58,false
269,Ringo,Hugonneau,Male,34775.56,true
270,Neil,Reisenberg,Male,15038.97,false
271,Gwenneth,Lenin,Female,20204.94,false
272,Boothe,Ham,Male,33763.28,true
273,Dahlia,Titcomb,Female,38490.66,false
274,Randie,Tann,Female,29355.20,true
275,Madel,Durden,Female,30792.33,true
276,Shaughn,Azema,Male,25435.34,false
277,Maible,Dominichelli,Female,15579.00,false
278,Missie,Mival,Female,37836.21,false
279,Innis,Royds,Male,20050.71,true
280,Cassandry,Hearmon,Female,38014.28,false
281,Gale,Myhan,Male,30852.23,false
282,King,De Souza,Male,23876.67,false
283,Walker,Beat,Male,17701.41,false
284,Cirillo,Stearndale,Male,20325.84,true
285,Hephzibah,Yarnall,Female,13161.67,true
286,Dorey,Heisman,Male,37430.54,true
287,Juliette,Bingle,Female,36461.57,false
288,Wenonah,Dimblebee,Female,14384.64,false
289,Penrod,Rance,Male,32938.04,true
290,Inger,Buckerfield,Female,38676.01,true
291,Janean,Marsters,Female,35062.71,true
292,Howey,Leyrroyd,Male,25260.32,true
293,Der,Granham,Male,35241.66,false
294,Tamas,Bastard,Male,31804.02,true
295,Boyce,Lampbrecht,Male,20884.48,true
296,Brewster,Pipe,Male,34317.73,false
297,Terra,Lauritzen,Female,19878.67,false
298,Lazaro,Kingswoode,Male,31696.79,false
299,Dennet,Stribbling,Male,16631.57,true
300,Launce,Cuphus,Male,38634.51,true
301,Leoine,Easman,Female,13426.55,false
302,Tripp,Verlinden,Male,25476.21,false
303,Pierre,Batcock,Male,31679.47,true
304,Wheeler,Eagar,Male,26155.13,true
305,Hannah,Doyley,Female,27972.07,true
306,Tabitha,Parram,Female,23451.97,true
307,Georgie,Lorenzini,Female,24214.75,true
308,Korry,Fashion,Female,25941.79,true
309,Dwayne,Jirusek,Male,18207.25,true
310,Julee,Allsobrook,Female,33982.30,true
311,Sancho,Kembery,Male,13011.51,true
312,Coreen,Scrammage,Female,25478.40,true
313,Garrard,Wallwood,Male,36692.07,false
314,Giles,Klimshuk,Male,20930.08,false
315,Alastair,Morshead,Male,37311.45,true
316,Burch,Paffett,Male,19311.37,true
317,Godard,Bickardike,Male,34131.83,true
318,Obediah,Nehlsen,Male,34005.10,false
319,Jedd,Bentall,Male,22446.52,false
320,Brant,Alenikov,Male,14873.73,false
321,Sallyanne,Renny,Female,18155.82,true
322,Anselm,Denyukin,Male,38459.57,true
323,Horatio,Leveritt,Male,14437.34,false
324,Rosalind,Bracer,Female,18335.58,true
325,Hendrick,Andreoletti,Male,21543.68,false
326,Ynez,Passion,Female,26974.84,true
327,Wainwright,O'Lunny,Male,33830.16,true
328,Jo-ann,Buckberry,Female,37800.86,true
329,Latisha,Bulluck,Female,35050.87,true
330,Rich,Dishmon,Male,36885.47,false
331,Tiffani,Reely,Female,32074.65,false
332,Angie,Oxer,Male,33265.52,true
333,Pattie,Hallatt,Male,23708.35,false
334,Ravi,Allison,Male,36968.44,true
335,Efrem,Wilkins,Male,29914.12,false
336,Fonsie,Purselow,Male,16821.76,false
337,Sylvan,Kernan,Male,20780.76,true
338,Elisabet,Goodale,Female,14664.05,false
339,Darb,Wayland,Male,39786.55,false
340,Annadiana,Parffrey,Female,16158.80,true
341,Raine,Laville,Female,34426.45,true
342,Delmer,McGibbon,Male,36202.63,true
343,Renae,Matveichev,Female,24055.34,true
344,Kittie,Darque,Female,30865.59,true
345,Aristotle,Beaver,Male,16776.40,true
346,Constancy,Phillippo,Female,25129.31,false
347,Frants,Archambault,Male,23375.11,false
348,Kristyn,Bourgaize,Female,36867.79,false
349,Augustine,Gladdin,Female,37955.49,false
350,Cecilia,Poacher,Female,25587.19,false
351,Casie,Sommerville,Female,23167.00,false
352,Lew,Kibbey,Male,19981.83,true
353,Julie,Brychan,Female,23295.04,false
354,Willy,Jahner,Male,18208.09,false
355,Phaidra,Dobel,Female,27324.84,true
356,Van,East,Female,15409.08,false
357,Buiron,Doche,Male,35956.70,false
358,Thelma,Jinkins,Female,30129.69,false
359,Cyndie,Mostyn,Female,34514.48,false
360,Ximenes,Nenci,Male,23686.42,false
361,Ash,Hosier,Male,35092.56,false
362,Cosimo,Lamy,Male,38382.13,true
363,Prissie,Stollmeyer,Female,20732.19,false
364,Faina,Adamec,Female,20469.85,true
365,Damara,Cloney,Female,21290.89,false
366,Nady,Cosker,Female,29384.27,false
367,Darrelle,Bagwell,Female,32607.83,false
368,Maxie,Ferraraccio,Male,16978.43,false
369,Codie,Babidge,Female,38901.10,false
370,Elsinore,Von Welldun,Female,31301.65,false
371,Wolfy,Bohea,Male,19611.64,false
372,Martie,Littlechild,Male,25040.90,false
373,Gearalt,Looby,Male,15500.81,false
374,Merola,Gettone,Female,20153.09,false
375,Bourke,Garbutt,Male,35543.95,true
376,Lorianna,Forsyth,Female,26383.23,true
377,Reeta,Bisseker,Female,22525.20,false
378,Bart,Salliere,Male,19737.43,true
379,Nester,Byfford,Male,13691.15,false
380,Hugh,Bockh,Male,17774.82,false
381,Marybeth,Magill,Female,19310.87,false
382,Rod,Chritchlow,Male,39975.97,true
383,Daven,Bresson,Male,14399.97,false
384,Crista,Caron,Female,20349.76,false
385,Demetre,Ivakin,Male,16585.49,true
386,Marillin,Pendrid,Female,15014.35,false
387,Cammi,Sharphouse,Female,13674.15,false
388,Jada,Boadby,Female,31033.66,true
389,Dinnie,Abramin,Female,34494.97,true
390,Anthony,Rayner,Male,37967.80,false
391,Oates,Lettuce,Male,18404.95,false
392,Michaela,Pendre,Female,17289.70,true
393,Dorian,Wistance,Female,13505.76,false
394,Hannie,Lynnett,Female,33290.54,true
395,Gilbertine,Yandle,Female,18896.48,false
396,Avigdor,Rowlatt,Male,22724.64,true
397,Hilly,Granleese,Male,38217.59,false
398,Tracy,Bradneck,Male,34983.17,false
399,Cathleen,Haccleton,Female,35051.17,true
400,Rafe,Janoch,Male,21848.49,true
401,Arty,Tretwell,Male,30148.09,false
402,Reagan,O'Cahill,Male,21321.87,false
403,Quincy,Tutt,Male,28358.63,false
404,Allie,Pennone,Female,27381.07,true
405,Shirlee,Jerche,Female,15248.79,false
406,Bancroft,Finlry,Male,34433.57,false
407,Saunders,Vyel,Male,37843.94,true
408,Celisse,Leyninye,Female,33153.94,true
409,Amalia,Reinmar,Female,29601.01,true
410,Petr,Teggart,Male,38003.07,true
411,Stern,Trenouth,Male,21245.11,true
412,Freddy,Farr,Female,17326.23,false
413,Annamaria,Gowland,Female,34529.38,true
414,Edie,Griffey,Female,24681.38,true
415,Christoffer,Crush,Male,14818.26,false
416,Shirleen,Maccari,Female,31070.29,false
417,Joshia,Lamping,Male,30547.59,true
418,Olenka,Meates,Female,26897.71,true
419,Zora,Westlake,Female,33265.54,true
420,Irma,Forton,Female,22265.73,false
421,Pennie,Keetch,Female,29570.92,true
422,Nicholle,Shinton,Female,15110.17,false
423,Anthony,Turtle,Male,14798.63,true
424,Donalt,Aked,Male,30252.04,false
425,Guillemette,Ianizzi,Female,16233.53,true
426,Corly,Dewis,Female,22741.43,true
427,Georgeanna,Speek,Female,29194.83,false
428,Gunar,Dell Casa,Male,32317.18,true
429,Vannie,Edmed,Female,33713.29,false
430,Dynah,Storkes,Female,33225.62,false
431,Guenna,Abramow,Female,36240.56,false
432,Mada,Klosterman,Female,25178.93,false
433,Ninnetta,Orable,Female,26226.12,true
434,Asa,Plampin,Male,26814.24,true
435,Binky,Cridlan,Male,33675.05,false
436,Millisent,Gibbe,Female,22267.74,true
437,Norah,Snepp,Female,32661.43,false
438,Gris,Ambroise,Male,16305.32,false
439,Dianna,Gjerde,Female,34340.40,false
440,Jeana,Braunfeld,Female,24519.45,false
441,Holmes,Questier,Male,36040.81,false
442,Florenza,Biermatowicz,Female,30575.34,false
443,Marena,Brechin,Female,31392.07,false
444,Hartley,Millmoe,Male,29283.37,false
445,Bride,MacMickan,Female,28042.66,true
446,Garwin,Helliker,Male,22861.07,false
447,Roselle,Mourant,Female,34250.30,false
448,Zora,Bech,Female,39426.44,false
449,Pammi,Balthasar,Female,14582.07,true
450,Diannne,Clowton,Female,18576.44,false
451,Kennie,Runcie,Male,28374.55,true
452,Leonid,Cumes,Male,22187.27,false
453,Teddie,Mulkerrins,Male,34383.17,false
454,Mark,Gooderham,Male,25785.46,false
455,Darya,MacDonell,Female,39557.89,false
456,Orelle,Swindley,Female,26189.58,false
457,Malvina,Josipovic,Female,20054.32,false
458,Florry,Van Hault,Female,33732.08,false
459,Mira,Jutson,Female,14575.89,true
460,Wendel,Stopforth,Male,19581.83,true
461,Lief,Evreux,Male,21713.50,true
462,Rosalynd,Goodfield,Female,34157.81,true
463,Robinson,Schimon,Male,18084.14,false
464,Moselle,Sandell,Female,21947.92,true
465,Penny,Discombe,Female,30605.05,false
466,Perren,Hessay,Male,38601.48,false
467,Hort,Swainston,Male,15464.04,true
468,Jordain,Oldfield-Cherry,Female,26180.47,false
469,Kingston,Sherer,Male,31238.95,true
470,Foster,Gooddie,Male,14925.36,true
471,Nonna,Tringham,Female,38725.80,true
472,Foss,Gallamore,Male,16018.39,true
473,Jim,Tabbitt,Male,13244.26,false
474,Pierson,Storres,Male,39542.08,true
475,Ellery,Yakubovics,Male,26035.75,true
476,Inness,Rottger,Male,14433.84,true
477,Briano,Gorman,Male,29832.85,true
478,Tomaso,Carman,Male,27256.84,true
479,Tedd,Yarnold,Male,25808.16,true
480,Andy,Keelan,Male,35030.75,false
481,Tersina,Gates,Female,34118.13,false
482,Demott,Ragsdale,Male,34985.07,true
483,Gar,Gallifont,Male,15392.10,false
484,Madalyn,Fenge,Female,16583.05,false
485,Brianne,Petrillo,Female,22700.16,false
486,Emlen,Redington,Male,33616.69,false
487,Elmer,Brambill,Male,38699.82,false
488,Anabal,Lockie,Female,36307.56,false
489,Berti,Wellen,Male,19414.28,false
490,Xever,Dyos,Male,17112.26,false
491,Madalyn,Peaker,Female,38625.30,false
492,Tabbitha,Shoute,Female,18892.07,false
493,Orbadiah,Antos,Male,15250.11,false
494,Reagan,Thombleson,Male,24604.44,true
495,Inna,Todeo,Female,32443.46,false
496,Iorgo,Oake,Male,13070.34,false
497,Jameson,Pech,Male,38384.92,false
498,Rikki,Snalom,Female,24486.21,true
499,Cherin,Reaper,Female,28623.35,false
500,Maud,McCaster,Female,36180.39,true
501,Jewell,Bulled,Female,33295.10,false
502,Nikolai,Burgot,Male,23181.38,false
503,Phyllis,Ping,Female,15165.83,false
504,Daria,Burmaster,Female,16921.08,false
505,Papagena,Iannini,Female,33862.03,false
506,Annamaria,Harriman,Female,16063.42,false
507,Marietta,Dibden,Male,21082.47,false
508,Bronnie,Marqyes,Male,25271.30,false
509,Alisha,Leader,Female,13609.59,true
510,Giselle,Paintain,Female,14233.62,false
511,Ulla,Grigorey,Female,31831.48,false
512,Lou,Daborn,Male,16233.30,false
513,Berna,Buckeridge,Female,34634.05,false
514,Karee,Klimes,Female,38961.52,false
515,Kaile,Muslim,Female,26848.27,true
516,Evin,Bainbridge,Male,27382.60,true
517,Moreen,Fever,Female,26959.84,true
518,Vincents,Bellin,Male,29297.74,true
519,Milicent,Veitch,Female,27904.77,true
520,Bradly,Brisland,Male,39652.49,false
521,Liam,Emmott,Male,17345.68,true
522,Rosaline,Callum,Female,28357.90,true
523,Umeko,Fozard,Female,19307.61,false
524,Anica,Jakubowicz,Female,13738.57,true
525,Daren,Turfin,Male,20599.90,true
526,Corissa,Grigolli,Female,38397.37,true
527,Donna,Tupling,Female,24525.10,false
528,Christine,Furminger,Female,14112.29,false
529,Drucie,Gramer,Female,19204.20,false
530,Taite,Gair,Male,15574.04,false
531,Regan,Goldby,Male,33392.46,true
532,Shena,Gantzman,Female,30004.25,true
533,Loella,Meddings,Female,22460.11,true
534,Darnell,Girodin,Male,23794.09,false
535,Beauregard,Matyugin,Male,39238.66,false
536,Dorris,Ungaretti,Female,24913.84,true
537,Sissy,Speaks,Female,20489.85,false
538,Serena,Mathers,Female,31045.66,false
539,Wendi,Westcott,Female,25449.03,false
540,Mahmoud,Sancto,Male,25935.65,true
541,Milzie,Broadbere,Female,37819.22,true
542,Lauretta,Hebdon,Female,25980.48,true
543,Nydia,Baudet,Female,30601.09,true
544,Winfield,Ortiger,Male,30080.53,true
545,Nikolaos,Fenkel,Male,33897.73,true
546,Casi,MacShane,Female,33327.45,false
547,Lari,Rusk,Female,14689.25,true
548,Emmalee,Yushachkov,Female,28775.57,false
549,Charmane,Clemmens,Female,16916.10,false
550,Clerkclaude,Reynault,Male,25437.87,false
551,Ernie,Kirsche,Male,18099.12,false
552,Anthony,Shipston,Male,16444.01,false
553,Jelene,Lessmare,Female,23242.84,true
554,Archie,McGoogan,Male,28184.15,true
555,Robina,Manis,Female,15597.12,false
556,Katya,Lambie,Female,16487.77,true
557,Calv,Eastop,Male,20056.55,true
558,Kerby,Vales,Male,34452.62,true
559,Sax,Aggott,Male,34223.36,false
560,Thornton,Chomley,Male,21759.33,false
561,Somerset,Trevithick,Male,39279.40,false
562,Corbin,Doerr,Male,25602.23,false
563,Bentley,Laingmaid,Male,21211.47,false
564,Shanna,Ullrich,Female,22997.58,true
565,Teodora,Jadczak,Female,38403.93,true
566,Maurise,Ceaser,Male,16151.15,true
567,Vidovic,Abden,Male,36803.40,true
568,Modestia,Bromet,Female,36507.16,false
569,Siana,Heyworth,Female,19082.16,false
570,Arnie,Goard,Male,14193.37,false
571,Zachariah,Sherry,Male,34169.55,false
572,Pauletta,Bellino,Female,18996.98,true
573,Jerri,Gepson,Male,33888.52,true
574,Leslie,Domegan,Male,23922.25,true
575,Henriette,Wallwork,Female,16313.35,true
576,Sherlocke,Braban,Male,35250.11,false
577,Adrienne,Jobbins,Female,38395.69,false
578,Isabelita,Bourner,Female,37848.04,true
579,Duane,Coogan,Male,16309.14,false
580,Myrlene,Quaife,Female,22315.49,false
581,Haven,Lewins,Male,29992.61,true
582,Obediah,Boays,Male,35854.21,true
583,Trescha,Sallter,Female,38885.00,true
584,Pasquale,Letford,Male,24114.25,false
585,Cori,Kneller,Male,22220.35,false
586,Leelah,Proffitt,Female,17618.24,false
587,Prue,Rozea,Female,39358.81,false
588,Alyson,Faulo,Female,24913.39,true
589,Ignazio,Yendall,Male,19187.05,true
590,Geoffry,Ahmad,Male,23381.82,true
591,Ricard,Mowday,Male,38786.86,true
592,Hagen,Youngs,Male,18595.38,true
593,Lynn,Wakerley,Male,29382.61,true
594,Denice,MacManus,Female,24170.49,false
595,Melamie,Ditter,Female,20029.52,true
596,Idelle,Fayer,Female,25206.03,true
597,Griz,Quinell,Male,15780.49,true
598,Charlton,Possek,Male,23440.83,false
599,Ginevra,Rolph,Female,15346.21,false
600,Leonanie,Taree,Female,25226.63,true
601,Chanda,D'Ambrosio,Female,38269.73,false
602,Carissa,Casero,Female,18159.78,false
603,Lindon,Lanyon,Male,14023.88,false
604,Odell,Kittel,Male,32529.32,true
605,Phillip,Noad,Male,30623.30,false
606,Harwell,Strafen,Male,35581.58,true
607,Constancy,McTiernan,Female,13807.53,false
608,Dela,Weatherall,Female,19987.52,false
609,Joan,Oldford,Female,33018.48,false
610,Adelbert,Piolli,Male,37302.16,true
611,Brendin,Hurd,Male,21885.37,false
612,Christina,Chellingworth,Female,32087.03,false
613,Doralyn,Yepiskopov,Female,34336.76,false
614,Merci,Ishchenko,Female,35469.35,true
615,Eleni,Costar,Female,15071.48,true
616,Malvina,Coffin,Female,27096.23,false
617,Nertie,Hanmer,Female,36621.03,false
618,Bridgette,MacIlwrick,Female,27829.62,true
619,Jonas,Sudlow,Male,23523.17,true
620,Rex,MacEllen,Male,26627.32,true
621,Hannis,Bradane,Female,17072.27,true
622,Pierson,Finnes,Male,38011.71,false
623,Lisetta,Asple,Female,26172.58,true
624,Jonell,Yven,Female,25539.78,true
625,Eada,Khan,Female,17797.50,false
626,Elisabetta,Lowdham,Female,19080.71,false
627,Nara,McGooch,Female,22380.29,false
628,Esme,Pfeifer,Female,17439.13,false
629,Maynord,Warrilow,Male,35190.99,false
630,Percy,Ashby,Male,29640.32,false
631,Kali,Baughn,Female,23141.42,true
632,Konstantine,Imrie,Male,23403.63,false
633,Shawn,Lemmen,Male,20487.14,true
634,Fania,Wherrett,Female,26379.03,false
635,Lyn,Eccersley,Male,13062.48,true
636,Jillana,Dilger,Female,14371.66,true
637,Cecile,Hubbuck,Female,30319.19,true
638,Benedikta,Berrigan,Female,27682.11,true
639,Willetta,Chape,Female,33588.11,true
640,Teodor,Hollier,Male,23024.07,false
641,Ariela,Mudge,Female,27838.39,true
642,Beverlee,Reidie,Female,20463.64,true
643,Gregorius,Dyke,Male,21886.25,false
644,Novelia,Enoksson,Female,37533.91,false
645,Rafe,Boyse,Male,29451.15,true
646,Olvan,Plaster,Male,30956.55,true
647,Violetta,Beasleigh,Female,30258.16,true
648,Beverlie,Hurle,Female,21975.38,false
649,Sada,Emm,Female,39228.32,false
650,Malinda,Kelston,Female,30798.79,false
651,Tyrone,Marvelley,Male,24826.82,false
652,Luther,Kinlock,Male,15308.14,false
653,Kimble,Guillain,Male,20463.89,true
654,Rani,Brum,Female,24849.68,false
655,Whitby,Adlington,Male,21642.25,false
656,Tabb,MacDuff,Male,20976.33,true
657,Louella,McWhinnie,Female,28908.31,false
658,Melva,Wisham,Female,18120.66,false
659,Twyla,Summons,Female,27677.94,false
660,Lia,Steffans,Female,39222.23,false
661,Liliane,Ashcroft,Female,39996.66,true
662,Crista,Falco,Female,15296.05,true
663,Tod,Pritty,Male,34849.31,true
664,Cynde,Ruttgers,Female,36946.86,false
665,Bobbi,Newing,Female,25515.18,true
666,Iolanthe,Ouchterlony,Female,29515.91,true
667,Armando,Steade,Male,35704.99,false
668,Laney,Fairfoot,Male,24356.59,false
669,Esmaria,Doerren,Female,23309.67,false
670,Madalyn,Sparkwill,Female,28901.54,false
671,Jdavie,Human,Male,31965.25,false
672,Kathye,Alkin,Female,30105.31,false
673,Nev,Yallowley,Male,28772.84,false
674,Bern,Laurent,Male,14159.89,true
675,Marcile,Taye,Female,14181.80,false
676,Reba,Vuitton,Female,15529.23,true
677,Rasia,Havers,Female,23481.27,true
678,Cassius,Lampl,Male,18274.65,true
679,Abel,Willshee,Male,32525.69,false
680,Alexina,Menego,Female,34040.84,false
681,Toinette,Facey,Female,16594.54,true
682,Harri,Footer,Female,34759.96,true
683,Joane,Stealfox,Female,13053.90,true
684,Erhart,Macrae,Male,22734.53,false
685,Griz,Reinert,Male,22681.43,true
686,Georgeanne,Hairon,Female,30468.03,true
687,Hobie,Phalip,Male,23071.55,false
688,Gael,Creser,Female,20344.21,false
689,Glynis,Symmons,Female,29540.49,false
690,Garfield,Beslier,Male,32017.81,true
691,Virgie,Rummin,Male,22026.64,true
692,Jobi,Vogt,Female,14511.25,true
693,Kendell,Cowitz,Male,28977.34,true
694,Lora,Covelle,Female,29056.57,false
695,Denyse,Alvaro,Female,26190.80,true
696,Elisha,Matys,Female,35715.75,true
697,Prudi,Redd,Female,26174.47,false
698,Krissie,Cowin,Female,26566.74,true
699,Marven,Sancraft,Male,14765.82,false
700,Raquel,Ciccarelli,Female,23834.70,false
701,Avictor,Viall,Male,17540.64,true
702,Darill,O'Farrell,Male,20085.60,true
703,Van,Trinbey,Female,37425.39,false
704,Natalie,Brentnall,Female,18653.83,false
705,Ambrose,Bedminster,Male,39156.77,true
706,Coletta,Lawdham,Female,18638.82,false
707,Bran,Berryman,Male,14955.52,false
708,Rowney,Dovidaitis,Male,21107.65,true
709,Benjamen,Brisley,Male,21871.43,true
710,Winfred,Stienham,Male,39012.71,false
711,Candi,Rands,Female,28514.54,true
712,Palm,Brearley,Male,21582.87,false
713,Fanchette,Wasson,Female,32637.11,false
714,Murvyn,Billam,Male,37699.38,false
715,Bobbette,Chittock,Female,22134.39,false
716,Claudelle,Gibberd,Female,17338.04,true
717,Valentijn,Dyott,Male,33886.02,false
718,Clyve,Flury,Male,27630.26,false
719,Alisha,Albertson,Female,13053.33,true
720,Zia,Kingwell,Female,17839.96,true
721,Gil,Gantley,Male,37521.27,true
722,Jakie,Ciccarello,Male,31706.22,true
723,Sharlene,Wooland,Female,36704.65,true
724,Reggi,Weedall,Female,18864.26,true
725,Angelle,Tesoe,Female,18207.16,true
726,Yetta,Levene,Female,26247.68,true
727,Gleda,Bichener,Female,35792.28,true
728,Merry,Muckart,Male,35998.91,false
729,Miles,Cartner,Male,34334.65,true
730,Tammie,Barrett,Female,27144.87,false
731,Babita,Janssen,Female,25297.75,false
732,Tomasine,Mateiko,Female,38101.97,true
733,Vinita,Straneo,Female,19639.92,false
734,Zelma,Eppson,Female,18029.47,true
735,Dayle,Angrove,Female,32484.49,false
736,Carmita,Geelan,Female,24302.72,true
737,Zackariah,O'Bruen,Male,31527.35,false
738,Kaye,Wedgbrow,Female,23340.05,false
739,Britta,Quadling,Female,16800.63,false
740,Sharity,Marfield,Female,24574.24,false
741,Eldridge,Scirman,Male,28971.34,true
742,Aldo,Daoust,Male,29034.62,false
743,Jose,Brooke,Male,39462.05,true
744,Sheilah,Greatex,Female,34720.62,false
745,Jordan,Snelson,Female,22514.80,false
746,Moss,Top,Male,27905.22,true
747,Niles,Winsiowiecki,Male,20530.99,true
748,Isabelita,Powland,Female,15042.03,true
749,Wally,Tabourier,Male,21227.03,true
750,Bert,Gronno,Male,24537.29,true
751,Berne,Purcer,Male,24527.94,false
752,Benjamin,Kingh,Male,28528.23,false
753,Jeannie,Willsmore,Female,26374.17,false
754,Erroll,Emons,Male,17776.33,false
755,Harv,Giovannoni,Male,27561.37,false
756,Bernardine,Grosvenor,Female,17762.18,false
757,Portie,Ladbrook,Male,28771.35,false
758,Adrian,Obbard,Male,23897.52,true
759,Pierre,Munnings,Male,30266.09,true
760,Sid,Chominski,Male,37625.82,false
761,Jessalin,Raxworthy,Female,15167.03,true
762,Annamarie,Van de Vlies,Female,14381.47,true
763,Arty,McAviy,Male,13705.23,false
764,Archaimbaud,Beaglehole,Male,26546.79,false
765,Kikelia,Adrienne,Female,31887.29,true
766,Margalit,Kenway,Female,26774.23,true
767,Torey,Redmile,Female,38681.69,false
768,Nickie,Cicetti,Male,22131.48,false
769,Maurice,Ville,Male,20797.88,true
770,Ronald,Durdan,Male,27322.31,true
771,Myrtice,Bruneton,Female,29448.00,false
772,Ruddy,Glader,Male,14825.26,true
773,Ynes,Haisell,Female,28618.34,true
774,Rafferty,Hudson,Male,18195.31,true
775,Winni,Ebbetts,Female,38174.91,false
776,Timmie,Gianolini,Female,19764.00,true
777,Fawne,Hylden,Female,25398.03,false
778,Adelle,Pavis,Female,19429.59,false
779,Sigismond,Barnsdale,Male,30146.34,true
780,Maxwell,Jain,Male,17327.19,false
781,Gale,Le Barr,Male,20549.44,false
782,Cam,Slee,Female,30937.95,true
783,Kaleena,Jirsa,Female,18624.57,false
784,Hercule,Buzek,Male,33328.10,false
785,Edmund,Romaint,Male,30157.31,false
786,Mollee,Melwall,Female,22580.14,false
787,Alf,McGeorge,Male,22340.75,false
788,Niko,Tiley,Male,23783.13,false
789,Victoria,Acomb,Female,23871.55,true
790,Benetta,Kirimaa,Female,37579.60,false
791,Korella,Bene,Female,29395.51,false
792,Chicky,Melson,Female,36237.54,false
793,Giorgi,Sollowaye,Male,15055.18,true
794,Ethelyn,Schooley,Female,22079.54,true
795,Galvin,Randle,Male,32686.08,true
796,Jay,Grime,Male,17785.09,true
797,Gallagher,D'Aeth,Male,19410.00,true
798,Dian,Hansford,Female,17439.31,false
799,Pansy,Dominguez,Female,33997.11,true
800,Rriocard,Parlour,Male,20257.69,true
801,Elwyn,De Vaux,Male,29467.73,false
802,Eugen,Scriviner,Male,29736.82,true
803,Berrie,Lakey,Female,39285.83,false
804,Gertrude,Scanterbury,Female,23680.44,false
805,Reynold,Curphey,Male,18036.01,true
806,Elliot,Maker,Male,14372.53,false
807,Grannie,Sunderland,Male,28762.06,true
808,Leyla,Mapam,Female,32268.75,true
809,Deena,Champkin,Female,17667.72,false
810,Burk,Gullberg,Male,20437.95,false
811,Kile,De Ortega,Male,39099.29,true
812,Jephthah,Dartnall,Male,39799.67,true
813,Danit,Micheau,Female,35243.49,false
814,Weber,Cadagan,Male,31307.08,false
815,Ricca,Copsey,Female,32500.10,false
816,Megen,Skill,Female,23760.68,true
817,Roxie,Rene,Female,27986.96,false
818,Jolee,Cassar,Female,32399.29,true
819,Sandra,Douche,Female,17876.29,true
820,Wallis,Fielders,Male,13411.03,true
821,Odey,Pryke,Male,35169.74,false
822,Mary,Clappson,Female,28448.35,false
823,Reggie,Neave,Female,22926.98,false
824,Hesther,Ballard,Female,33751.04,false
825,Sebastien,Malcolm,Male,29251.66,true
826,Minerva,Goldney,Female,36755.11,true
827,Arv,Lorait,Male,19180.73,true
828,Bron,McFall,Male,36053.72,true
829,Etan,Lufkin,Male,15742.94,true
830,Yoshi,Bench,Female,17154.03,true
831,Kari,Klamman,Female,36241.55,true
832,Montgomery,Tipling,Male,18110.27,true
833,Stillman,Danes,Male,39127.89,true
834,Christan,Whatson,Female,15860.82,false
835,Lesley,Dormand,Female,17176.40,false
836,Booth,Fairholm,Male,22471.15,true
837,Gae,Fagan,Female,35480.24,true
838,Isis,Kevis,Female,32370.16,false
839,Sylvan,Bage,Male,28762.56,false
840,Ashleigh,Ovell,Female,18080.28,true
841,Jase,Attwoull,Male,18605.26,false
842,Saundra,Kneel,Female,20383.99,false
843,Jarrod,Flarity,Male,24244.13,true
844,Katherina,Hamor,Female,34995.09,true
845,Maggee,Georgiades,Female,25213.04,true
846,Erin,Hassett,Male,37074.55,true
847,Alie,Goodban,Female,33687.73,false
848,Jenine,Brager,Female,30149.81,true
849,Eugenius,Mines,Male,30261.29,false
850,Chane,Iwaszkiewicz,Male,32214.45,false
851,Jerry,Pirelli,Female,15377.04,false
852,Klaus,Dingate,Male,25955.18,false
853,Yoshi,Goldstraw,Female,23827.04,false
854,Riva,Howroyd,Female,20057.45,false
855,Vittorio,Greetland,Male,28694.91,true
856,Kevina,Rubel,Female,23305.59,false
857,Forbes,Danilewicz,Male,22359.02,false
858,Hy,Sibson,Male,19318.02,true
859,Basilio,Dulanty,Male,20348.62,true
860,Allistir,Kitney,Male,38133.76,true
861,Niki,Geddis,Female,23477.17,true
862,Porty,Seagood,Male,36462.50,false
863,Claudina,Harbar,Female,24365.41,false
864,Hugh,Barock,Male,31309.42,false
865,Jim,Kleingrub,Male,14890.73,false
866,Happy,Phare,Female,17033.12,false
867,Davine,Ellis,Female,24389.15,false
868,Debbi,Ciciotti,Female,31248.14,false
869,Gerek,Millea,Male,22811.13,true
870,Wade,Palliser,Male,37715.87,true
871,Sampson,Broadis,Male,39168.19,true
872,Frederigo,Potticary,Male,32696.85,true
873,Delly,Zumbusch,Female,32013.41,false
874,Lu,O'Leahy,Female,35410.19,true
875,Elicia,Scotting,Female,17190.62,true
876,Hieronymus,Elsom,Male,15893.98,true
877,Rory,Poge,Male,38129.92,true
878,Derril,Churcher,Male,26472.25,false
879,Theodor,Pieche,Male,19954.45,false
880,Myrvyn,Roz,Male,23801.68,true
881,Gram,Paske,Male,16861.99,false
882,Flore,Dillimore,Female,32110.24,true
883,Isobel,Delia,Female,18541.97,true
884,Yvor,Pashley,Male,25334.09,false
885,North,Durdy,Male,20823.53,false
886,Iain,Vesque,Male,23653.05,false
887,Eleanora,Kerins,Female,15127.45,false
888,Orland,O'Heffernan,Male,21283.37,true
889,Cacilie,Gascoigne,Female,13084.82,true
890,Maxie,Cheshire,Female,29274.45,true
891,Nanine,Curedale,Female,22581.48,false
892,Raynor,Lasseter,Male,16614.92,true
893,Rowan,Carnaman,Male,36054.20,true
894,Stesha,Elder,Female,26303.27,true
895,Erl,Rowcliffe,Male,31229.32,true
896,Quinlan,De Banke,Male,29375.11,false
897,Margette,Rosendahl,Female,27259.43,true
898,Almeda,Bizzey,Female,26407.30,true
899,Ulises,Hurren,Male,29134.67,true
900,Abrahan,Ibbitson,Male,24402.08,false
901,Andre,Hazelton,Male,25031.80,false
902,Willie,Spellward,Male,24211.42,true
903,Granthem,Baptista,Male,24694.85,false
904,Sheba,Twyford,Female,37178.69,true
905,Ware,Pidgen,Male,22173.80,false
906,Emlynn,Shenley,Female,25067.14,true
907,Zabrina,McAndie,Female,34798.50,false
908,Rockwell,Biggadike,Male,14326.44,false
909,Marc,Wareham,Male,16247.30,false
910,Wandis,Kristoffersson,Female,38304.41,true
911,Waldon,Borthe,Male,17648.04,true
912,Rob,Rawlins,Male,34269.02,true
913,Cly,Seedman,Male,24075.80,true
914,Emory,Mendonca,Male,20192.20,false
915,Marsiella,Rosander,Female,19080.79,true
916,Shawna,Christopherson,Female,32429.64,true
917,Meghann,Scard,Female,20335.40,true
918,Ab,Bartolozzi,Male,39389.42,false
919,Breena,Kilmary,Female,22471.83,true
920,Hope,D'Costa,Female,17451.61,true
921,Basil,Brahams,Male,20764.72,false
922,Isidor,Gillbe,Male,26753.85,false
923,Clementina,Pietzker,Female,20741.56,true
924,Alvira,Lovewell,Female,24501.21,true
925,Tadd,Eakins,Male,38664.07,true
926,Yance,Fasset,Male,29382.89,true
927,Walden,Heather,Male,14992.16,true
928,Erminie,Davley,Female,23495.21,false
929,Jeffrey,Rice,Male,35708.24,true
930,Brenden,Brusle,Male,37006.46,false
931,Carmon,Amber,Female,35642.10,false
932,Gallagher,Waeland,Male,38352.82,false
933,Maximilien,Zack,Male,34617.74,false
934,Clarence,Kelshaw,Male,27698.19,true
935,Mandel,Franklen,Male,19641.22,true
936,Johanna,Mokes,Female,22854.38,false
937,Jenny,Crossgrove,Female,14549.50,true
938,Calli,Attril,Female,28139.88,true
939,Josias,Atwater,Male,13036.70,true
940,Peter,Vakhlov,Male,13145.71,true
941,Henderson,Hirsthouse,Male,17731.72,true
942,Maurine,Tschursch,Female,24359.08,false
943,Bidget,Dundendale,Female,23647.37,false
944,Gerard,Echalie,Male,17272.81,false
945,Dee dee,Sawers,Female,19403.21,false
946,Trstram,Vondrach,Male,17263.99,true
947,Buiron,Pougher,Male,34234.95,false
948,Damian,Caldecott,Male,24987.37,true
949,Darell,Ortas,Female,28987.49,false
950,Deina,Moncarr,Female,34033.88,true
951,Pascale,Rawlcliffe,Male,33398.89,false
952,Keelby,Braidford,Male,20067.77,true
953,Ty,Ianelli,Male,31736.11,true
954,Maynord,Stoffersen,Male,36208.89,false
955,Oren,Derisly,Male,15239.93,false
956,Yehudi,Toyer,Male,15543.81,false
957,Jessa,Verduin,Female,21942.12,true
958,Sapphire,Emmerson,Female,18478.21,false
959,Codee,Snartt,Female,18144.96,true
960,Brad,Maude,Male,25371.25,true
961,Boote,Beevis,Male,33316.75,true
962,Hurlee,William,Male,39142.85,true
963,Tiebout,MacGregor,Male,18780.54,true
964,Sunny,Sciusscietto,Male,35810.03,false
965,Jacintha,Dennes,Female,19615.13,true
966,Karoline,Rubery,Female,28349.17,true
967,Townie,Butchart,Male,38023.82,false
968,Aggie,Freddi,Female,17632.76,false
969,Lil,Camplen,Female,22632.38,false
970,Woodman,Ahrenius,Male,22757.41,true
971,Loreen,Ewells,Female,35768.55,true
972,Barrett,Hick,Male,16692.00,false
973,Mirelle,Snar,Female,31287.66,false
974,Cami,Drance,Female,23183.28,true
975,Michael,Grugerr,Male,15265.28,false
976,Novelia,Stannis,Female,33993.44,true
977,Aurora,Blackey,Female,18381.34,false
978,Marnia,Gurr,Female,25448.96,true
979,Jordon,Delle,Male,18143.71,false
980,Henriette,Bladesmith,Female,23605.14,false
981,Powell,Yallowley,Male,39570.61,false
982,Tina,Rhys,Female,29050.01,true
983,Grayce,Jantot,Female,39532.20,true
984,Dody,Carlyle,Female,23075.89,true
985,Karalynn,Guillart,Female,20400.97,false
986,Fleur,Buttery,Female,27300.08,true
987,Lucian,O' Mahony,Male,37077.26,true
988,Xaviera,Luby,Female,22760.20,true
989,Ludovika,Lumsdale,Female,35789.32,true
990,Alano,Walstow,Male,17408.73,true
991,Jefferson,Bounds,Male,16468.03,true
992,Culver,Biggans,Male,30667.41,true
993,Alard,Bendley,Male,22341.14,false
994,Ethelbert,Maffy,Male,33775.35,false
995,Siana,Manske,Female,33529.27,false
996,Kathy,Dellenbrook,Female,34514.64,false
997,Nanci,Langland,Female,38808.08,true
998,Kylie,Whitlaw,Female,15401.19,false
999,Danna,Phillcock,Female,31927.44,true
1000,Evvie,Sinott,Female,14804.57,true
