CUST ID,first_name,last_name,gender,Salary,Married
1,Kaitlin,Dudson,Female,14928.53,true
2,Lemar,Da Costa,Male,36559.51,false
3,Quintina,Grzegorzewski,Female,18263.12,true
4,Hermine,Pochet,Female,35146.11,false
5,Carlin,Kinnane,Female,19588.50,true
6,Flore,Woodyatt,Female,19689.08,true
7,Chrissie,Jakovijevic,Male,22985.01,true
8,Emili,Stiegers,Female,16811.45,false
9,Dixie,Zini,Female,21066.05,true
10,Debera,Lesper,Female,32704.76,true
11,Domini,Meeks,Female,30945.25,false
12,Blanch,Gillespey,Female,17915.50,true
13,Ambrosi,Fetherston,Male,23487.69,true
14,Shelli,Bech,Female,19890.91,true
15,Moises,Van De Cappelle,Male,32877.85,true
16,Ethyl,Walder,Female,32967.01,false
17,Mechelle,Bernat,Female,21240.14,true
18,Bonnee,Sayse,Female,34238.58,false
19,Myrna,Coulthart,Female,28164.01,true
20,Camey,Evangelinos,Male,14968.76,false
21,Ernesto,Gotliffe,Male,29586.05,true
22,Cleo,Millbank,Female,36829.79,true
23,Bay,Bodesson,Male,24711.23,false
24,Moises,Giocannoni,Male,14892.33,true
25,Jarrett,Spark,Male,28600.76,false
26,Cosimo,McKeaveney,Male,19725.57,true
27,Thia,Torrance,Female,35780.45,false
28,Sammy,Sybe,Female,30688.83,true
29,Keefe,Brettel,Male,28054.72,true
30,Berthe,Guiu,Female,35520.71,false
31,Malory,Marlin,Female,29214.12,true
32,Buddie,Vennart,Male,30672.31,false
33,Putnam,Swann,Male,18236.96,false
34,Winnifred,Cleever,Female,23649.95,false
35,Duffie,Broom,Male,26839.86,true
36,Giustino,Hakey,Male,34584.08,true
37,Marmaduke,Iacovacci,Male,33170.60,true
38,Mauricio,Rowth,Male,17841.50,true
39,Armando,Adamiak,Male,21341.27,false
40,Gay,Corwin,Female,18891.19,true
41,Nelson,Bessett,Male,31969.54,false
42,Linea,Speake,Female,16490.00,false
43,Veda,Mulrenan,Female,13890.50,false
44,Zena,O'Keeffe,Female,24181.25,true
45,Sawyere,Creus,Male,26410.39,true
46,Regan,McClune,Female,37719.20,false
47,Tracy,St. Quentin,Female,28514.19,false
48,Grange,Apple,Male,18275.97,true
49,Kim,Castles,Male,32981.38,true
50,Byrann,Eynald,Male,38787.21,true
51,Ronda,Elmore,Female,26551.44,true
52,Windham,McAuliffe,Male,33796.31,false
53,Mar,Bax,Male,36641.72,false
54,Joan,Berka,Female,14762.74,true
55,Fara,Lowdyane,Female,28752.26,true
56,Merrie,Morales,Female,39951.95,true
57,Prinz,Curtis,Male,27634.19,true
58,Goldina,Squibbes,Female,27540.64,false
59,Tucker,Bamford,Male,39673.78,true
60,Corine,Craven,Female,33164.73,true
61,Gardie,Helsdon,Male,16872.33,false
62,Jobye,Clausson,Female,21482.32,false
63,Garey,Drowsfield,Male,25147.75,false
64,Aleece,Clotworthy,Female,34996.47,true
65,Casar,Neumann,Male,18015.03,false
66,Michaelina,Bierman,Female,39978.58,true
67,Tiffanie,Petracchi,Female,34376.68,false
68,Frederique,Bazeley,Female,17812.11,true
69,Sisely,Buntain,Female,18205.10,false
70,Basil,Dykas,Male,16581.16,true
71,Rene,Belliard,Male,30461.84,false
72,Korry,Horley,Female,24563.78,true
73,Micheil,Shitliff,Male,36937.10,true
74,Wainwright,Sanchez,Male,36949.48,true
75,Emmanuel,Applebee,Male,28658.98,false
76,Yves,Trimbey,Male,23376.34,true
77,Brannon,Dyhouse,Male,36096.16,false
78,Ruby,Sanney,Male,22992.01,false
79,Charlotte,Townson,Female,22790.92,true
80,Merci,Vittery,Female,21096.56,false
81,Clifford,Quixley,Male,24443.50,false
82,Rosalinda,Curteis,Female,33446.35,true
83,Beret,Causley,Female,29402.78,false
84,Humbert,Jeandin,Male,24530.46,false
85,Hew,Aris,Male,16764.69,true
86,Deanna,Reoch,Female,22592.66,false
87,Hali,Wilkison,Female,34442.24,true
88,Rodrique,Pesic,Male,31991.55,false
89,Geneva,Rainon,Female,23648.36,false
90,Reade,Di Maria,Male,35258.25,true
91,Josh,Jacox,Male,22973.77,true
92,Colman,Bartens,Male,26184.45,true
93,Valentina,Tatterton,Female,18297.54,false
94,Rosina,Vurley,Female,15807.79,false
95,Krishna,Coxen,Male,30018.85,false
96,Alikee,Peterkin,Female,15628.30,false
97,Cosetta,Oylett,Female,24749.92,false
98,Tyler,Piller,Male,36283.49,false
99,Prue,Drabble,Female,16191.03,true
100,Giraud,Dober,Male,25933.60,false
101,Gilemette,Beer,Female,30864.57,false
102,Teddy,Loudyan,Male,24957.61,false
103,Cybil,Haggis,Female,27491.89,true
104,Hedvig,Thornewell,Female,16428.05,true
105,Tomlin,Filippone,Male,20058.04,false
106,Timothy,Lortzing,Male,37113.26,false
107,Bryanty,Arney,Male,14642.59,false
108,Abdul,Rolf,Male,20339.00,false
109,Kristal,Verduin,Female,17614.36,false
110,Papageno,Ordemann,Male,22321.12,true
111,Christan,Swateridge,Female,18468.23,true
112,Ernest,Siemianowicz,Male,21694.36,false
113,Morlee,Franz,Male,26204.81,true
114,Norris,Royan,Male,23802.05,true
115,Boycey,Milliken,Male,38797.53,false
116,Vivi,Treasure,Female,28409.33,false
117,Aveline,Somersett,Female,36824.18,false
118,Meyer,Florence,Male,13854.17,false
119,Friedrick,Cullum,Male,13973.82,false
120,Antons,Espy,Male,38180.01,true
121,Ganny,Johannes,Male,32264.68,false
122,Ida,Derx,Female,16432.41,false
123,Nata,Dungee,Female,24596.09,true
124,Tadeas,Lipp,Male,21610.64,false
125,Freedman,Aldcorne,Male,21622.41,false
126,Gert,Ragot,Female,31848.33,true
127,Henka,Allwood,Female,38078.51,false
128,Romeo,Gillyatt,Male,16295.97,true
129,Cobb,Skelington,Male,27327.89,true
130,Didi,Insall,Female,23404.58,true
131,Malissia,Prettejohns,Female,35070.88,true
132,Erica,O'Dooghaine,Female,13768.78,true
133,Toma,Pessold,Female,21764.46,true
134,Godart,Murkus,Male,33714.05,false
135,Dante,Skipsey,Male,24180.81,false
136,Appolonia,Reis,Female,36497.86,false
137,Wiley,Gianasi,Male,14032.88,false
138,Wandie,Phythien,Female,21308.57,true
139,Haleigh,Cahey,Female,14049.53,false
140,Ferdy,Tomicki,Male,35979.11,false
141,Larina,Chillistone,Female,25902.66,false
142,Joaquin,Moyes,Male,35814.74,true
143,Walt,Esposi,Male,17071.02,true
144,Jordanna,Binley,Female,33001.50,true
145,Daniel,Fear,Male,36507.60,false
146,Broddy,Strase,Male,16177.59,true
147,Dawn,Delong,Female,22623.31,true
148,Stan,Adenot,Male,27797.22,true
149,Felicio,Brownlie,Male,38376.37,true
150,Even,Gresch,Male,20338.64,false
151,Xavier,Benediktsson,Male,22227.84,false
152,Smitty,Allred,Male,22340.58,true
153,Parke,Yonge,Male,21672.95,false
154,Leoine,Alexandersen,Female,39316.90,false
155,Obidiah,Bartolomeazzi,Male,38604.36,false
156,Briano,Beeckx,Male,18951.65,false
157,Rubie,Brittoner,Female,36538.75,false
158,Polly,Eagland,Female,36463.33,true
159,Kristoffer,Braun,Male,35414.72,true
160,Federica,Denyukhin,Female,25473.73,false
161,Had,Vasiliu,Male,38160.04,false
162,Ab,Cressingham,Male,39368.73,true
163,Stefan,Heavy,Male,36698.95,true
164,Jamey,Bohlsen,Male,25213.43,false
165,Aretha,Nelthorpe,Female,37185.85,false
166,Base,Spearing,Male,30956.99,true
167,Gabrielle,Fowles,Female,32247.84,false
168,Lynde,Saylor,Female,21084.95,true
169,Odelinda,Sherborne,Female,39889.71,true
170,Giustino,Emmanueli,Male,39923.30,false
171,Katey,Northgraves,Female,23867.71,true
172,Peirce,Chambers,Male,15369.47,true
173,Rois,Warlawe,Female,38404.45,true
174,Dosi,Fincher,Female,37031.69,true
175,Vaughn,Pellant,Male,16083.27,true
176,Isaac,Wieprecht,Male,22104.84,false
177,Gratia,Picard,Female,30208.53,true
178,Aldis,Heather,Male,29849.99,true
179,Joseph,Bernuzzi,Male,13404.63,false
180,Drusie,Daintrey,Female,35159.44,true
181,Cori,Palle,Female,20850.30,false
182,Nilson,Guenther,Male,20846.62,true
183,Carmelia,Wyre,Female,30890.22,false
184,Ransell,Toombes,Male,32219.08,false
185,Veradis,Macknish,Female,24793.87,false
186,Constantia,Mc Andrew,Female,33231.59,false
187,Donavon,Dufty,Male,17281.61,true
188,Gonzalo,Orrell,Male,32442.14,false
189,Dulsea,Grindrod,Female,17146.01,true
190,Teresa,Jarman,Female,30652.31,false
191,Jud,Chipping,Male,29345.58,false
192,Brice,Ratledge,Male,20377.47,true
193,Corinne,McNelly,Female,24608.37,true
194,Hillyer,Garthland,Male,26640.15,false
195,Isa,Mosconi,Female,36413.94,false
196,Margo,Jemmison,Female,35766.39,true
197,Gaynor,Gogay,Female,28476.17,false
198,Stanislaw,Padwick,Male,39815.09,false
199,Vittoria,Goakes,Female,18809.26,false
200,Cirstoforo,Eldon,Male,34930.64,true
201,Logan,Cowey,Male,18715.97,false
202,Elianora,Imore,Female,15207.44,true
203,Cassie,Young,Female,13679.93,true
204,Fransisco,Brewerton,Male,14870.78,true
205,Rosalia,Chester,Female,31373.26,false
206,Tonye,Kiloh,Female,32101.57,true
207,Romain,Groocock,Male,14879.58,false
208,Tammie,Schofield,Male,37620.07,true
209,Ardene,Rosenkranc,Female,36660.94,true
210,Margarita,Marler,Female,28458.89,false
211,Trstram,Stroulger,Male,24512.98,true
212,Graham,Beales,Male,14890.60,false
213,Asa,Domerc,Male,35517.57,true
214,Zechariah,Petry,Male,25960.89,false
215,Alix,Janjic,Male,22981.48,true
216,Cornall,Money,Male,15693.20,true
217,Dale,Losano,Male,27009.08,false
218,Ardisj,McNeice,Female,31609.53,true
219,Pebrook,Inglis,Male,21130.54,false
220,Hal,Malinowski,Male,26812.05,true
221,Mavra,Mustill,Female,27280.06,false
222,Humberto,Cunnington,Male,35947.07,false
223,Rory,Liffe,Male,19192.39,true
224,Alvie,Athey,Male,36382.60,false
225,Clayson,Primmer,Male,13063.08,true
226,Frederique,Audsley,Female,17962.82,false
227,Dionis,Jahner,Female,38194.21,true
228,Norrie,Rasch,Female,18993.53,true
229,Waylon,Andrivot,Male,27240.70,false
230,Clarke,Hazell,Male,37868.99,false
231,Cesare,Delea,Male,15585.89,true
232,Helen-elizabeth,Hast,Female,36891.42,true
233,Minne,Bremmer,Female,32435.72,false
234,Tommy,Thexton,Male,28893.30,false
235,Celestyn,Benyon,Female,36718.16,false
236,Connie,Symmons,Male,16157.34,true
237,Val,Hallock,Female,33447.82,false
238,Gage,Spurdens,Male,32698.64,false
239,Bev,Sterndale,Male,28969.88,true
240,Carleton,Clift,Male,14316.87,false
241,Alie,Gwilt,Female,34849.59,true
242,Coralyn,Solan,Female,26014.12,false
243,Consolata,Hanrott,Female,34244.34,false
244,Layne,Cayette,Female,37671.78,true
245,Merissa,Jobes,Female,16398.48,true
246,Sidonnie,Flooks,Female,21951.43,false
247,Knox,Samweyes,Male,28121.59,true
248,Sheff,Linsley,Male,30852.45,true
249,Lelia,O'Keefe,Female,33337.94,false
250,Aggie,Belderfield,Female,16127.04,true
251,Frasier,Klishin,Male,17304.22,false
252,Nial,Klink,Male,31593.43,true
253,Antonia,Carruth,Female,23789.23,false
254,Skippie,Scotford,Male,18167.53,true
255,Aigneis,Boyington,Female,18871.28,true
256,Lenci,Barkaway,Male,28056.14,false
257,Caddric,Banbrigge,Male,24705.64,false
258,Howard,Ishak,Male,26720.60,false
259,Addi,Carvill,Female,30019.55,true
260,Paige,Rooke,Female,25185.40,false
261,Aguistin,Paradin,Male,30941.53,true
262,Mareah,Cristofano,Female,17820.11,false
263,Thomasine,Roseburgh,Female,36321.18,false
264,Amelina,Tabor,Female,33350.09,false
265,Clifford,Gutridge,Male,30355.39,true
266,George,Alker,Female,13316.61,true
267,Katrinka,Belk,Female,29509.00,true
268,Welsh,Senescall,Male,36847.16,false
269,Tommie,Schuchmacher,Female,18272.95,false
270,Sergent,Gasparro,Male,30985.42,false
271,Danit,Southeran,Female,33150.05,true
272,Malissia,Brou,Female,27982.28,false
273,Christian,Opdenort,Male,28625.65,true
274,Burtie,Tonkin,Male,38114.79,true
275,Paulo,Cubbini,Male,24261.35,true
276,Lenci,Dobbin,Male,15951.78,false
277,Leila,Wollaston,Female,25136.13,true
278,Felice,Burke,Female,19660.59,true
279,Tonia,Edsell,Female,29980.98,true
280,Issiah,Lalevee,Male,16541.10,false
281,Conny,Tamplin,Female,27499.29,false
282,Nikola,Iacobo,Male,39372.31,false
283,Alford,Saye,Male,39048.12,false
284,Hortensia,Tofful,Female,38876.96,true
285,Noll,Doughton,Male,23551.04,false
286,Netta,Romeuf,Female,16262.28,false
287,Karilynn,Toohey,Female,36268.01,true
288,Maudie,Brownsmith,Female,25850.54,true
289,Munroe,Almey,Male,21778.32,false
290,Katha,Mallord,Female,36140.70,true
291,Solomon,McVeigh,Male,36330.81,false
292,Ed,Woodley,Male,33093.04,true
293,Nefen,Stubbley,Male,22899.48,false
294,Bob,Plumb,Male,15833.56,false
295,Marnia,Hazart,Female,29497.50,true
296,Jeanelle,Sangwine,Female,36919.83,true
297,Ralf,Bramley,Male,20941.93,true
298,Dianna,Goacher,Female,18853.25,false
299,Missy,Glamart,Female,30317.59,true
300,Aleda,Avo,Female,32578.03,true
301,Tedd,Rolinson,Male,36383.23,true
302,Forrest,Destouche,Male,27648.13,true
303,Eustace,Collabine,Male,39694.97,true
304,Pepe,Caps,Male,23650.86,true
305,Fawn,Shorey,Female,34569.92,true
306,Thorny,Dimitrijevic,Male,37917.57,false
307,Bartlett,McGeady,Male,22914.98,true
308,Margarita,Temporal,Female,14362.31,true
309,Sal,Sturge,Female,36940.35,true
310,Emmalynn,Rosenshine,Female,21465.41,true
311,Dian,Rosengart,Female,17951.47,false
312,Cirillo,Hawkswood,Male,15295.53,false
313,Rana,Sket,Female,35838.67,false
314,Brianne,Stoad,Female,32010.67,false
315,Ogden,Hollyer,Male,24167.73,false
316,Gae,Lamps,Female,38198.11,false
317,Gabriel,Gatsby,Female,22657.34,true
318,Goldy,Willeson,Female,27322.02,false
319,Ulrike,Laroux,Female,38690.25,false
320,Ellen,McCosker,Female,38769.68,true
321,Filip,Swires,Male,27908.07,false
322,Brigid,Munton,Female,29522.35,true
323,Lorene,Maydwell,Female,28303.85,false
324,Annecorinne,Schubart,Female,26555.92,true
325,Gweneth,Haldin,Female,23754.94,false
326,Chrisy,Fardy,Male,32545.58,true
327,Querida,Warkup,Female,28518.34,true
328,Prentiss,Faucett,Male,38242.25,true
329,Patrice,Hellmore,Male,33775.86,true
330,Valeria,MacSorley,Female,35548.83,true
331,Jess,Marzelo,Female,17709.35,false
332,Marco,Stanmore,Male,22360.66,false
333,Lucine,Shrimplin,Female,25597.18,false
334,Alejandro,Longman,Male,15397.32,true
335,Nariko,Stubbs,Female,21971.42,false
336,Sadella,Cuchey,Female,30663.76,true
337,Mariellen,Wait,Female,23660.90,false
338,Greg,Bunclark,Male,15769.80,false
339,Abbey,Titlow,Male,26542.46,true
340,Gradeigh,Brazier,Male,14124.46,true
341,Rube,Tolchard,Male,15369.74,false
342,Marylin,Casajuana,Female,37232.57,false
343,Rolando,Stoller,Male,17123.46,false
344,Rolando,Etherson,Male,14837.12,false
345,Morly,Pingston,Male,15679.00,true
346,Laurent,Reddihough,Male,26699.19,true
347,Ware,Barends,Male,15729.79,true
348,Malvin,Exley,Male,27226.60,false
349,Moyna,Brolan,Female,36704.99,false
350,Isador,Staddart,Male,31834.69,true
351,Gusty,Carous,Female,17036.26,false
352,Aarika,Lord,Female,34561.29,true
353,Sibley,Bour,Female,31273.53,true
354,Codee,Greeno,Female,15154.34,true
355,Ive,Fawcett,Male,25204.72,false
356,Ogden,Bertwistle,Male,17364.46,true
357,Berget,Robken,Female,13395.85,false
358,Murdoch,Aasaf,Male,28921.94,false
359,Tris,Fairtlough,Male,13348.29,false
360,Estele,Keetley,Female,18737.89,true
361,Cristina,Dacre,Female,39461.65,true
362,Heinrick,Boord,Male,33709.63,false
363,Geordie,Prowse,Male,16704.97,true
364,Wilhelmine,Codman,Female,34642.27,true
365,Burgess,Hallowell,Male,16531.35,true
366,Germaine,Attridge,Female,27376.61,true
367,Fielding,Zuppa,Male,22914.93,true
368,Jolene,Bickers,Female,26130.68,true
369,Stu,Neilan,Male,32961.45,false
370,Malena,Megainey,Female,18036.16,true
371,Pippa,Olman,Female,32230.33,true
372,Viv,Newell,Female,18435.23,false
373,Vere,Fairbourn,Female,34864.39,true
374,Isahella,Pirrey,Female,32002.28,false
375,Faunie,Wichard,Female,20082.42,false
376,Idalina,Bates,Female,23580.75,false
377,Teressa,Morecomb,Female,26568.68,true
378,Latrena,Farnon,Female,23608.90,true
379,Hortense,Colyer,Female,19449.14,true
380,Artemas,Duckworth,Male,14161.47,true
381,Halette,Whittaker,Female,25137.96,false
382,Wileen,Dellenbroker,Female,23161.18,true
383,Ashil,Gert,Female,32101.73,true
384,Caz,Aspel,Male,14594.55,true
385,Alikee,McQuarrie,Female,17129.96,false
386,Cordell,Essex,Male,39204.56,true
387,Marijn,Shory,Male,35168.62,false
388,Sabine,Rosenzveig,Female,24781.06,false
389,Billy,Laweles,Female,30615.67,false
390,Marlin,Reichert,Male,19705.06,false
391,Bram,Remer,Male,34852.15,false
392,Karry,Barnfield,Female,20790.46,true
393,Guss,Fontenot,Male,26919.70,false
394,Heda,Franz,Female,25721.79,false
395,Heddie,Tabert,Female,13073.25,true
396,Frank,Larder,Female,32747.89,false
397,Julina,Nosworthy,Female,26297.59,false
398,Zacherie,Yeulet,Male,13403.43,false
399,Bobby,Engel,Male,14559.35,true
400,Nevile,McMurty,Male,35307.33,true
401,Hobie,Castagnasso,Male,19428.90,false
402,Chelsie,Durram,Female,14789.10,false
403,Cthrine,Butting,Female,29629.67,false
404,Oby,Palin,Male,17599.56,true
405,Elliott,Westnage,Male,22855.01,false
406,Emily,Warrillow,Female,13439.31,true
407,Benton,Sheard,Male,18095.69,true
408,Samuele,Berresford,Male,26406.79,true
409,Leicester,Giraudot,Male,37472.97,true
410,Vyky,Fleischmann,Female,22390.76,true
411,Bronson,Charke,Male,21471.46,false
412,Hortense,Bernucci,Female,20237.42,false
413,Courtney,Bortolozzi,Male,15230.34,false
414,Chiquia,Leare,Female,22210.62,true
415,Karl,Ruckledge,Male,16643.21,false
416,Quintilla,Harme,Female,32934.96,false
417,Steffi,Gronno,Female,31910.68,true
418,Ronny,Thorogood,Male,23902.84,false
419,Maxy,Tulloch,Male,29428.77,false
420,Leif,Riseborough,Male,34927.68,false
421,Abigale,Norster,Female,15426.71,true
422,Clarine,Rotlauf,Female,39745.26,false
423,Zebulon,Giggie,Male,18806.68,false
424,Owen,Halt,Male,23205.83,true
425,Julee,Huguet,Female,28498.88,true
426,Jaime,Jakobsson,Male,16450.51,false
427,Kelcy,Karchowski,Female,34742.21,false
428,Aldon,Simpkins,Male,37781.04,false
429,Jermaine,Tomaszewski,Male,37132.39,false
430,Catrina,Jewise,Female,38163.20,false
431,Glennis,Halbeard,Female,23561.06,false
432,Aurie,MacKissack,Female,22023.64,false
433,Baird,Fowell,Male,24735.75,true
434,Alphonse,Blockley,Male,22397.41,true
435,Leroi,Szymanski,Male,20474.62,false
436,Georgena,Gasperi,Female,14098.32,true
437,Langston,Whitear,Male,24456.99,true
438,Howard,Gurwood,Male,23512.77,false
439,Tracie,Barthrop,Male,24025.80,false
440,Carny,Bransden,Male,28302.41,false
441,Yolanthe,Seyffert,Female,16955.99,false
442,Maurine,Horsewood,Female,31505.39,false
443,Theobald,Chaster,Male,37137.27,false
444,Noel,Stiffkins,Female,15623.92,true
445,Pearl,Saket,Female,17547.70,false
446,Gussie,Apps,Female,35522.30,false
447,Ilysa,Sennett,Female,17451.72,true
448,Cornelius,Scheffler,Male,13988.23,false
449,Ruttger,Vallentin,Male,21795.14,false
450,Amble,Van Waadenburg,Male,23127.18,true
451,Nat,Blakey,Male,18771.92,true
452,Rosana,Agastina,Female,37607.75,false
453,Gonzales,Lowdyane,Male,14014.45,false
454,Alysa,Isley,Female,33186.22,true
455,Lilli,Verty,Female,38638.71,true
456,Pepi,Rehme,Female,35317.03,true
457,Gail,Barks,Female,18816.00,false
458,Pauletta,Grog,Female,15332.67,false
459,Jaclyn,Rispin,Female,26136.55,true
460,Myles,Fawks,Male,31788.47,true
461,Rafaelia,Valentinetti,Female,31191.53,true
462,Sargent,Bows,Male,38823.16,false
463,Clemens,Riceards,Male,39545.00,false
464,Shurlock,Coulman,Male,36841.74,false
465,Nancee,Jurgensen,Female,29704.61,true
466,Abbott,Sabbin,Male,35163.78,false
467,Nickola,Wrathmell,Male,38908.31,true
468,Timotheus,Currom,Male,22788.69,false
469,Sianna,Billo,Female,39235.95,true
470,Roselia,Bransgrove,Female,15116.96,true
471,Whitney,Sainte Paul,Female,23511.83,true
472,Linn,Premble,Male,23567.67,false
473,Nell,Biggs,Female,27260.83,true
474,Karim,Hallt,Male,15742.87,true
475,Rodge,Rohlfing,Male,36188.11,true
476,Grethel,Murrells,Female,22755.85,false
477,Chrisse,Mundee,Male,25923.05,true
478,Isidore,Bradd,Male,17837.71,true
479,Arin,Garwood,Male,31836.85,false
480,Bonnibelle,Merritt,Female,38718.57,false
481,Thomas,Hardstaff,Male,24698.42,true
482,Ernest,Robardey,Male,31367.18,true
483,Thacher,Canavan,Male,24240.44,true
484,Cullen,Cornwell,Male,34483.10,true
485,Brigid,Leindecker,Female,27814.29,true
486,Chelsea,MacVanamy,Female,19524.51,false
487,Alina,Annes,Female,27692.62,true
488,Patrica,Drysdale,Female,37429.48,false
489,Brandon,Coarser,Male,31952.65,true
490,Karole,Schwartz,Female,21750.08,false
491,Cristobal,Pratty,Male,26919.16,false
492,Quintin,Bravington,Male,18437.89,true
493,Aldric,Jullian,Male,24665.84,true
494,Elysee,Jolliss,Female,26185.22,true
495,Ash,Brehaut,Male,19881.09,true
496,Aubrie,Guilder,Female,30615.01,true
497,Gardner,Lease,Male,39507.04,true
498,Vilma,Dunlea,Female,25506.52,true
499,Tabby,Beckham,Female,23045.52,false
500,Guenevere,Killeley,Female,28981.75,true
501,Angele,Stain,Female,27341.74,false
502,Adriena,Pencost,Female,39958.39,true
503,Teresita,Sheraton,Female,16181.52,false
504,Donni,Shaxby,Female,21388.95,true
505,Vilhelmina,Grabeham,Female,39775.79,false
506,Juan,Trawin,Male,20886.81,false
507,Dulci,Raith,Female,23093.95,true
508,Eba,Brunskill,Female,27164.27,true
509,Ewen,Hoovart,Male,27593.34,false
510,Ulick,Domniney,Male,24741.28,true
511,Alexis,Leney,Male,36237.83,false
512,Sheilakathryn,Heikkinen,Female,35129.25,false
513,Elfrida,Dimblebee,Female,24195.02,true
514,Viviene,Attryde,Female,39750.44,true
515,Moise,Videan,Male,17212.52,false
516,Sherye,Duffy,Female,39630.35,false
517,Kanya,Chadbourne,Female,15824.96,false
518,Avis,Loren,Female,23933.85,true
519,Nero,Jotham,Male,37520.91,true
520,Dorie,Choulerton,Male,14059.40,false
521,Oliver,Francesc,Male,30155.39,false
522,Kali,Yacob,Female,26643.73,false
523,Papageno,Hince,Male,14264.28,false
524,Hayward,Caplin,Male,39698.86,true
525,Travus,Elmer,Male,22703.57,false
526,Anetta,Haughey,Female,34810.80,true
527,Gard,MacBean,Male,15817.86,false
528,Wright,Dugdale,Male,31495.79,true
529,Kimble,Males,Male,38837.75,true
530,Rollie,MacCallum,Male,23269.29,true
531,Pierre,Fairbourn,Male,29982.28,false
532,Trumaine,Bortoli,Male,19468.85,false
533,Keeley,Hammett,Female,13868.85,false
534,Allene,Rackley,Female,21087.43,false
535,Aida,Hurry,Female,28540.97,true
536,Ritchie,Balston,Male,32683.85,true
537,Dane,Praundl,Male,36115.92,true
538,Levon,Slate,Male,33163.34,true
539,Conn,Raffin,Male,37885.62,false
540,Berkeley,Parry,Male,32705.17,true
541,Nerita,McClay,Female,31688.74,true
542,Aleen,Joslyn,Female,15622.47,false
543,Liz,Gooly,Female,19849.22,false
544,Bryna,Pymm,Female,35848.60,false
545,Rayner,Pattrick,Male,21948.73,false
546,Lester,Olley,Male,25206.70,false
547,Matty,Burfield,Female,18515.41,true
548,Agace,Gervaise,Female,21923.24,false
549,Ianthe,Dickson,Female,20671.65,true
550,Ingemar,Bottelstone,Male,29339.34,true
551,Sheree,Arnley,Female,13990.07,true
552,Patti,Freeman,Female,16276.19,true
553,Eliza,Dumberell,Female,24698.90,false
554,Lana,Wadsworth,Female,24105.01,true
555,Bartholomeo,Gagan,Male,38109.16,false
556,Reidar,Grishelyov,Male,34500.10,false
557,Ronna,Braizier,Female,32519.10,true
558,Hervey,Persian,Male,21715.05,false
559,Lorelle,Weafer,Female,21986.27,true
560,Marmaduke,Mallett,Male,24094.97,false
561,Orlan,Hyde,Male,18769.44,true
562,Nerta,Cicullo,Female,25963.94,false
563,Hoyt,Norree,Male,28004.65,false
564,Faustine,Sutliff,Female,22754.18,false
565,Velvet,Hawarden,Female,29606.19,false
566,Siana,Lightowlers,Female,24478.80,true
567,Quill,Elverstone,Male,30569.31,true
568,Briana,Sancias,Female,38948.25,false
569,Ive,Lindback,Male,37803.06,true
570,Wendi,Minerdo,Female,16325.02,false
571,Ida,Crennell,Female,18562.97,false
572,Cassondra,Cheney,Female,14748.30,false
573,Courtney,Scandwright,Male,19834.03,false
574,Cecile,Durnill,Female,21093.18,true
575,Wilden,Cheavin,Male,28501.77,false
576,Lanita,Carrane,Female,37088.31,true
577,Gabby,Wegman,Male,35919.26,true
578,Hubert,MacKey,Male,16353.20,false
579,Debbie,Ladson,Female,35010.99,false
580,Rafferty,Senecaux,Male,36381.99,false
581,Kahlil,Fley,Male,19215.97,false
582,Mathian,Cicculini,Male,30538.92,false
583,Merell,Cleator,Male,37572.33,false
584,Prinz,Sells,Male,22376.38,false
585,Hildegaard,Kingscote,Female,15058.05,true
586,Lesley,Doyle,Male,22862.42,false
587,Ruperta,Pierri,Female,23750.40,false
588,Hilary,Baake,Male,34215.82,true
589,Inness,Laycock,Male,31731.06,true
590,Franciskus,Novacek,Male,14203.10,false
591,Merrily,Jeffcock,Female,24922.53,true
592,Rasia,O'Growgane,Female,28171.43,true
593,Callean,Keary,Male,38135.88,true
594,Ardelis,Wilfinger,Female,35021.86,true
595,Brigham,Bendix,Male,30005.41,false
596,Odella,Marder,Female,14889.85,true
597,Armando,Echelle,Male,36562.78,false
598,Ashien,Childs,Female,23418.89,true
599,Karlan,Droogan,Male,37617.38,true
600,Basile,Helleckas,Male,28170.78,false
601,Charlie,Fussie,Male,15361.15,true
602,Erna,Cornner,Female,29648.69,false
603,Stacy,Langfitt,Male,37417.47,false
604,Amandi,Westbury,Female,25032.32,false
605,Haywood,Willas,Male,21793.23,false
606,Inger,Bewsy,Male,25662.97,true
607,Gordan,Hackley,Male,23379.12,false
608,Benni,Ritter,Female,31684.72,true
609,Reinhard,Levermore,Male,32518.05,false
610,Leta,Otto,Female,28146.18,true
611,Odelinda,Lanchbury,Female,27102.00,false
612,Hanson,Goldthorpe,Male,24332.93,false
613,Sebastien,Betteney,Male,32162.32,false
614,Cherry,Moxted,Female,25926.41,false
615,Kelbee,Caselli,Male,30785.97,false
616,Genovera,Chitty,Female,13508.19,true
617,Jenine,Begley,Female,24971.91,true
618,Rudy,Briant,Male,38350.46,false
619,Nanette,Tooher,Female,23043.31,true
620,Nara,Abramowitch,Female,30574.36,false
621,Florie,Emmanuel,Female,19891.34,false
622,Hartwell,Shee,Male,20588.71,false
623,Winslow,Buncom,Male,38583.06,false
624,Goldina,Circuitt,Female,39759.39,true
625,Donelle,Pulman,Female,17951.46,false
626,Steve,O'Devey,Male,15437.33,false
627,Jocelyn,Braycotton,Female,34171.23,true
628,Geno,Saffon,Male,29099.27,false
629,Marian,Kirkebye,Female,29740.04,true
630,Basia,Ryhorovich,Female,14328.10,true
631,Linn,Coyish,Male,27625.65,true
632,Dino,Witcherley,Male,23013.62,true
633,Celia,Myrie,Female,18873.19,true
634,Danell,Grishukhin,Female,15942.31,false
635,Erna,Alcott,Female,23410.58,false
636,Goldarina,Pendered,Female,19750.05,true
637,Ilyse,Bubbear,Female,34537.38,false
638,Kimberlyn,Gonnelly,Female,22979.29,false
639,Vikky,Eaglestone,Female,27265.55,false
640,Idalia,Trowbridge,Female,38053.88,true
641,Jasmin,Chupin,Female,29473.07,true
642,Brade,Spurge,Male,36177.10,false
643,Minna,Larrett,Female,23111.74,false
644,Brent,Scrigmour,Male,34653.12,false
645,Corbie,Crecy,Male,31813.73,false
646,Steven,Betjes,Male,32164.38,true
647,Norrie,Harley,Male,17113.18,true
648,Noak,Salla,Male,18365.54,false
649,Chere,Heinel,Female,38684.47,true
650,Giacopo,Meni,Male,26921.15,false
651,Ethyl,Beneyto,Female,21137.72,true
652,Athena,Dayes,Female,36620.08,true
653,Terence,Caselli,Male,22992.71,false
654,Edward,Loding,Male,37706.04,true
655,Mahmud,Sabati,Male,26297.55,false
656,Stacy,Whettleton,Female,39063.96,true
657,Robers,Crossgrove,Male,21925.77,false
658,Lynda,Rowson,Female,21610.98,true
659,Lamond,Nevill,Male,27595.22,false
660,Eadmund,Brissard,Male,29288.33,false
661,Leese,Escott,Female,35755.09,false
662,Edita,Giocannoni,Female,16297.57,true
663,Kylie,Wallsworth,Male,33827.96,false
664,Launce,Sciacovelli,Male,27817.16,true
665,Euell,Peacher,Male,18729.57,false
666,Dave,Meaddowcroft,Male,39813.11,false
667,Petronilla,Mac Giany,Female,33729.45,false
668,Kylie,Vuitton,Male,35366.57,true
669,Tamiko,Daulton,Female,27641.69,false
670,Brunhilde,Breedy,Female,33160.24,true
671,Germaine,O'Downe,Female,29512.48,false
672,Tadeas,Kirby,Male,33938.17,false
673,Rivkah,Stredwick,Female,22452.34,true
674,Aurea,Gossington,Female,13901.27,false
675,Adrienne,Tawse,Female,36629.84,true
676,Jillie,Leidl,Female,23861.39,false
677,Theresita,Sparway,Female,18627.37,true
678,Blondell,Leng,Female,28502.08,true
679,Melvyn,Campione,Male,33362.90,false
680,Shelia,Lounds,Female,26469.73,false
681,Gertrude,Fullard,Female,20008.22,false
682,Tomasina,Ennion,Female,27384.69,true
683,Ame,Taysbil,Female,33378.20,true
684,Ewan,Rosenthaler,Male,26199.63,true
685,Davita,Connikie,Female,33835.16,true
686,Kara-lynn,McNysche,Female,15944.05,true
687,Raoul,Rubbert,Male,38934.26,false
688,Evan,Binden,Male,14670.95,true
689,Haily,Loffill,Female,36553.99,false
690,Valma,Heimes,Female,18860.32,true
691,Robinson,Turtle,Male,28086.42,true
692,Renee,Iveagh,Female,38140.85,true
693,Cathie,MacGettigen,Female,38725.17,true
694,Adela,Winckle,Female,17805.44,true
695,Sheffie,Manning,Male,18973.60,false
696,Ailbert,Aggis,Male,15667.18,false
697,Leisha,Prier,Female,32198.69,false
698,Roxanna,Domnin,Female,36605.08,false
699,Lauri,Readwin,Female,32955.56,false
700,Hedy,Robertshaw,Female,14265.50,true
701,Anthony,Ferras,Male,19886.57,true
702,Greer,Cotgrave,Female,21790.79,true
703,Ciel,Antcliffe,Female,26389.88,false
704,Krystalle,Lescop,Female,36769.55,true
705,Heidi,Garth,Female,34772.81,false
706,Frieda,Minget,Female,24917.95,false
707,Quincey,Kornilov,Male,14752.31,false
708,Ruthann,Arents,Female,23696.17,true
709,Sayre,Fretter,Male,21837.99,false
710,Lester,Konzelmann,Male,18184.66,false
711,Jeffy,Gallelli,Male,37390.77,true
712,Rozele,Carnachen,Female,22332.29,false
713,Vance,Eltringham,Male,30135.35,true
714,Arlen,Jesper,Female,24024.94,false
715,Faythe,Lindsley,Female,13306.86,false
716,Nial,Ratie,Male,37049.23,false
717,Petronille,Dilley,Female,24578.05,true
718,Odo,Thynne,Male,36288.44,false
719,Ruthi,Batteson,Female,13116.87,true
720,Adolphus,Kapiloff,Male,23946.08,true
721,Wilburt,Loyd,Male,17396.24,true
722,Norri,Boshers,Female,28483.42,true
723,Roselia,Cordery,Female,13666.85,false
724,Timmi,Davitti,Female,29582.48,true
725,Nikkie,Cuttles,Female,32202.19,false
726,Alaster,Childerley,Male,28537.23,false
727,Germaine,Pershouse,Male,33671.95,false
728,Kaye,Mylechreest,Female,25605.77,true
729,Caryl,Quinby,Male,38849.42,false
730,Gothart,Macey,Male,21953.43,false
731,Grove,Reany,Male,34163.47,false
732,Irwin,Moseley,Male,24793.15,false
733,Caleb,Brogiotti,Male,27740.35,false
734,Wolfgang,Barta,Male,37251.29,true
735,Arthur,Gravenell,Male,23057.07,false
736,Fredek,Titford,Male,24521.04,true
737,Lilas,Stovold,Female,27425.35,false
738,Fanchon,Sybbe,Female,24197.99,false
739,Tod,Colenutt,Male,17000.39,false
740,Guillema,Gunton,Female,21006.92,true
741,Piotr,Benoist,Male,17147.01,false
742,Licha,Shorland,Female,18388.39,false
743,Thurstan,Marshalleck,Male,15858.64,false
744,Melanie,Kobera,Female,32938.84,false
745,Francesco,Giroldi,Male,35887.57,false
746,Arda,Dealy,Female,15946.67,false
747,Dorelle,Grane,Female,33963.62,false
748,Mei,Crabb,Female,24942.69,true
749,Ranique,Stearn,Female,33385.68,false
750,Scott,Wanley,Male,15780.89,false
751,Alphonso,Dictus,Male,13876.87,false
752,Courtnay,Pollicote,Male,36338.53,true
753,Hilton,Dimberline,Male,21904.98,false
754,Brand,Chatelet,Male,20649.77,false
755,Brannon,Kinchin,Male,15671.87,true
756,Basile,Lingwood,Male,39492.65,false
757,Paulita,Pettiford,Female,13838.06,false
758,Gavin,Bartalucci,Male,19423.72,true
759,Meg,Swinburn,Female,18851.87,false
760,Griff,Ruskin,Male,14811.21,false
761,Carlie,Kassidy,Female,22385.78,false
762,Ezechiel,Petschelt,Male,26631.13,false
763,Morgan,Schimon,Female,21227.81,true
764,Christye,Todarini,Female,29925.78,true
765,Giacobo,Wolpert,Male,19637.27,true
766,Terrell,Cordelette,Male,22891.82,false
767,Melesa,Newbery,Female,35859.71,true
768,Andonis,Sargeaunt,Male,23605.35,true
769,Olwen,O'Hoey,Female,29032.31,true
770,Bailie,Mitchiner,Male,35561.42,true
771,Penny,Wreight,Female,33862.40,true
772,Henri,Hirsch,Male,26241.41,false
773,Olin,Starrs,Male,30700.35,true
774,Filbert,Prin,Male,39693.62,false
775,Bordy,McCloy,Male,33144.88,false
776,Annetta,Juett,Female,29906.95,true
777,Harmonia,Clemonts,Female,34761.87,false
778,Seline,Lumsdale,Female,28312.76,true
779,Quinn,Tomini,Female,34213.34,false
780,George,Ashpole,Female,38689.39,true
781,Arielle,Brookson,Female,29855.02,false
782,Budd,McKain,Male,30167.00,false
783,Horst,Wingeat,Male,31768.25,false
784,Minni,Whistlecraft,Female,13551.15,true
785,Fernando,Kubin,Male,20248.06,true
786,Ericha,Babber,Female,26053.05,true
787,Gilberte,Georger,Female,16979.71,true
788,Abraham,Yeardley,Male,35584.65,true
789,Coralie,Gellately,Female,31386.41,true
790,Rutherford,Sudell,Male,33003.33,false
791,Brannon,Tivers,Male,27960.07,false
792,Beau,Ivashkov,Male,28847.50,false
793,Reagen,Becaris,Male,33144.54,false
794,Bellanca,Rustidge,Female,27562.73,true
795,Abbe,Keyden,Female,23198.57,true
796,Peggy,Di Francecshi,Female,16250.00,false
797,Aigneis,Nevitt,Female,36430.69,false
798,Arie,Rosensaft,Male,30091.78,true
799,Merola,Kendell,Female,31617.31,true
800,Starlene,Sodeau,Female,13689.48,true
801,Kellina,Brown,Female,27712.95,true
802,Andriette,Shark,Female,19830.83,true
803,Philippe,Olorenshaw,Female,37499.72,true
804,Ameline,Schleicher,Female,20498.03,false
805,Worden,Yuille,Male,18264.17,true
806,Alphonso,Iannitti,Male,13027.58,false
807,Carmela,Silbermann,Female,36544.46,false
808,Beaufort,Girardetti,Male,28494.42,false
809,Gabriell,Hawkeswood,Female,23776.89,false
810,Roscoe,Urey,Male,22545.62,true
811,Tiffie,Gauler,Female,22916.93,true
812,Petr,Tawton,Male,19989.87,false
813,Laurice,Chalkly,Female,22534.94,false
814,Chaddy,Astridge,Male,13091.88,true
815,Jamal,Worboys,Male,23469.62,true
816,Pamella,Kelley,Female,33096.42,true
817,Neile,Elgie,Female,21812.56,true
818,Ring,Attaway,Male,27963.19,true
819,Dev,Androli,Male,20774.51,false
820,Leanora,Barnhill,Female,30930.15,true
821,Wyndham,Sides,Male,17272.63,false
822,Nikolos,Dellenbrook,Male,14295.19,true
823,Regan,Slateford,Male,38534.75,false
824,Chucho,Felton,Male,25818.96,false
825,Rivi,Pride,Female,36645.04,true
826,Doti,Muriel,Female,30769.49,true
827,Gaynor,Quinn,Female,20242.46,true
828,Adelle,Curds,Female,38678.17,true
829,Brynna,Lots,Female,35934.77,false
830,Lindsy,Manntschke,Female,35542.53,true
831,Arlen,Copcott,Female,33804.16,true
832,Bat,Le Fevre,Male,27839.18,true
833,Phyllida,Riches,Female,27274.78,true
834,Vitia,Kupper,Female,21422.41,false
835,Hashim,Silk,Male,35095.23,true
836,Lauralee,Hruska,Female,28305.53,false
837,Talbert,Francisco,Male,26080.70,false
838,Georgi,Malster,Male,19578.88,false
839,Delmor,Ewbanks,Male,31525.48,true
840,Mel,Meneo,Female,13894.96,true
841,Sigmund,McGowan,Male,36647.00,true
842,Lorita,Carik,Female,24863.12,true
843,Greta,Chorlton,Female,14414.91,true
844,Pier,Girogetti,Female,29577.69,true
845,Evangelin,Cuncarr,Female,20577.86,true
846,Westley,O'Fallone,Male,15283.73,false
847,Danyette,Brende,Female,28309.84,false
848,Forrest,Brabham,Male,30477.56,false
849,Doroteya,Beckensall,Female,19490.19,true
850,Nata,Campana,Female,16009.62,false
851,Maisey,Scotchmore,Female,35727.65,true
852,Salvidor,Darcey,Male,32599.39,false
853,Gabriellia,Lockyer,Female,15360.00,true
854,Reed,Silverton,Male,19466.71,true
855,Perle,Willcock,Female,32151.29,true
856,Jannelle,Casel,Female,20925.61,false
857,Orren,Van Daalen,Male,19109.30,true
858,Colby,McCrohon,Male,18459.57,false
859,Willamina,Buterton,Female,24803.59,false
860,Bobette,Slide,Female,31296.14,false
861,Grace,Matteuzzi,Male,26553.73,true
862,Lelia,Southerell,Female,17328.13,true
863,Renaldo,Barthelme,Male,39975.87,false
864,Rockey,Klas,Male,34128.77,true
865,Dorelia,Allderidge,Female,16807.22,true
866,Catherin,Whal,Female,20472.50,true
867,Alyda,Algy,Female,36627.67,false
868,Abbey,Boissier,Female,23279.72,false
869,Rad,Van der Daal,Male,15148.17,false
870,Eva,Neiland,Female,29826.19,true
871,Giffard,Shovel,Male,21019.52,false
872,Clark,Mickelwright,Male,15263.38,true
873,Ainsley,Gierek,Female,16233.62,true
874,Jack,Giacopini,Male,20190.24,false
875,Cameron,Huband,Male,20288.71,true
876,Carce,Edgeley,Male,36190.87,false
877,Gisele,Hoolaghan,Female,31121.71,true
878,Lew,Daunter,Male,17570.64,false
879,Adrea,Mechic,Female,21418.37,false
880,Derk,Studders,Male,32440.29,true
881,Conan,Thraves,Male,33385.98,true
882,Josias,Margetts,Male,24492.91,true
883,Gun,Stallan,Male,34712.60,true
884,Alfonse,Dulake,Male,29104.13,true
885,Caitrin,Pegrum,Female,14831.07,true
886,Carmelina,Arthur,Female,26933.22,false
887,Gusty,Longbothom,Female,25054.82,true
888,Helenelizabeth,Rider,Female,32214.62,false
889,Emile,Ounsworth,Male,36003.38,false
890,Kippie,Sackler,Male,36733.44,false
891,Griselda,Adkin,Female,26956.47,true
892,Tull,Pingstone,Male,28215.30,false
893,Kyle,Glader,Male,32203.87,false
894,Selma,MacVaugh,Female,28191.48,true
895,Aeriel,Ikins,Female,26276.76,true
896,Verna,Pomfrey,Female,23350.87,false
897,Tasha,Pegg,Female,33167.52,true
898,Steward,Huntingford,Male,33785.35,true
899,Raf,Sames,Female,32325.54,false
900,Karolina,Porritt,Female,23802.97,true
901,Tremaine,Antonio,Male,39849.46,true
902,Meier,Cantor,Male,34544.75,false
903,Ly,Tripean,Male,19929.19,false
904,Reggy,Budding,Male,26197.16,true
905,Cosetta,Ewles,Female,29847.20,false
906,Kettie,Mandry,Female,32066.75,true
907,Valera,Gruby,Female,38174.56,false
908,Binky,Rediers,Male,19303.02,false
909,Clarita,Britnell,Female,29810.82,false
910,Fritz,Janning,Male,18609.68,false
911,Padgett,Marquess,Male,34711.14,false
912,Linnea,Kettlesing,Female,36865.95,true
913,Ephraim,Gleder,Male,18715.78,true
914,Gaultiero,Patrick,Male,22538.92,false
915,Beilul,Gatiss,Female,15278.94,false
916,Marys,Swancock,Female,29047.70,true
917,Peggie,Klosges,Female,34752.34,false
918,Gun,Ely,Male,18036.66,true
919,Silvie,Moakes,Female,24584.03,false
920,Olag,Rizzillo,Male,24008.20,true
921,Kurtis,Cream,Male,31615.65,true
922,Clyde,Arbuckel,Male,14799.69,false
923,Gaven,Crosswaite,Male,30416.17,true
924,Mame,Crassweller,Female,38496.69,true
925,Terese,Kingaby,Female,21940.70,true
926,Brinn,Henric,Female,36383.00,false
927,Saw,Blinerman,Male,36796.15,false
928,Rycca,Vannet,Female,22652.89,true
929,Hesther,Wellfare,Female,38688.74,true
930,Tarrance,Hallewell,Male,30895.15,true
931,Henriette,Lingner,Female,20032.32,true
932,Tobiah,Garmans,Male,20241.86,false
933,Bearnard,Gowans,Male,33817.34,false
934,Mirella,Delahunty,Female,14570.09,false
935,Pietrek,Mellsop,Male,15776.18,true
936,Elijah,Forrington,Male,25291.54,false
937,Filmore,Holcroft,Male,18935.57,false
938,Hewe,Cullimore,Male,35647.87,false
939,Emlynn,Coursor,Female,22952.46,true
940,Noelle,Southerns,Female,16485.11,false
941,Shanie,Hastewell,Female,26637.74,false
942,Marcello,Moring,Male,14499.46,true
943,Marguerite,Settle,Female,24161.46,true
944,Gordie,Freeburn,Male,21011.73,true
945,Noe,Reddick,Male,24129.69,false
946,Berna,Flaunders,Female,27445.03,true
947,Noelyn,Cosker,Female,28507.79,false
948,Nanon,Tommaseo,Female,17381.36,true
949,Darby,Quartermain,Female,38038.78,true
950,Roldan,Novotna,Male,33107.68,false
951,Kippar,Rudiger,Male,14111.84,true
952,Dorice,Trasler,Female,14264.49,true
953,Ashia,Sidden,Female,37058.49,false
954,Augusto,Littlejohn,Male,24648.32,true
955,Bengt,Amoss,Male,34228.55,true
956,Ninetta,Eva,Female,23581.58,true
957,Had,Coolahan,Male,23433.75,true
958,Gaven,Langcaster,Male,32536.28,false
959,Olvan,McReynolds,Male,19087.76,false
960,Jordana,Stickells,Female,21775.69,true
961,Alwyn,Streets,Male,37162.17,false
962,Garey,Cambridge,Male,25440.41,true
963,Leighton,Hutley,Male,20893.62,true
964,Rich,Lepard,Male,21413.42,false
965,Francisco,Bolan,Male,31033.89,true
966,Kayla,Tulk,Female,16867.93,true
967,Reta,Roswarne,Female,37804.57,true
968,Lyell,Cooksey,Male,25203.46,true
969,Nickey,Fogg,Male,13939.58,true
970,Hyman,Howerd,Male,29093.13,true
971,Mercy,Goodwill,Female,20882.17,true
972,Frederigo,Frizzell,Male,26312.98,true
973,Vonnie,Sworne,Female,35646.32,false
974,Giavani,Duesbury,Male,31120.73,true
975,Robinson,McCrystal,Male,23431.60,true
976,Aimee,Menezes,Female,23270.00,false
977,Lyndsey,Slidders,Female,29802.92,true
978,Daryl,Pevie,Male,19943.46,true
979,Sue,Bellany,Female,32098.99,false
980,Irwinn,Garvill,Male,21110.90,true
981,Mozes,Leversuch,Male,27739.80,false
982,Norah,Orrice,Female,37474.25,false
983,Shelley,Haygreen,Male,13196.37,false
984,Ronnie,Cannings,Female,36504.16,false
985,Samson,Wiseman,Male,16828.50,true
986,Rriocard,Nitti,Male,21109.82,false
987,Mil,Mosco,Female,32529.19,true
988,Ward,Orrett,Male,22661.97,false
989,Lennard,Blaby,Male,30136.59,false
990,Manon,Mintram,Female,39938.17,true
991,Ali,Johnikin,Female,24808.74,false
992,Uri,Roughley,Male,21176.69,true
993,Vittorio,Delacote,Male,35528.46,false
994,Trumaine,Sango,Male,19034.60,false
995,Bradney,Vautrey,Male,36979.60,true
996,Callie,Bragg,Female,36823.74,true
997,Trudie,Perrycost,Female,17238.19,false
998,Ynes,Basketfield,Female,23526.81,true
999,Margot,Crayden,Female,20137.86,true
1000,Kissee,Moat,Female,36581.70,false
