CUST ID,first_name,last_name,gender,Salary,Married
1,Tedmund,Salvadore,Male,15070.71,true
2,Tannie,Loveman,Male,38806.29,true
3,Kaiser,Hanfrey,Male,32679.38,false
4,Rafi,Deavin,Male,28017.95,false
5,Daffie,Beel,Female,21158.27,true
6,Alford,Suttling,Male,15786.64,true
7,Dallon,Orht,Male,32614.42,true
8,Frazier,Litchfield,Male,25773.56,true
9,Lexis,Dorman,Female,28007.00,true
10,Hester,Andreou,Female,32677.38,true
11,Ugo,Bordiss,Male,20439.56,true
12,Veronike,Luscott,Female,31800.49,true
13,Calhoun,Burnand,Male,36627.21,true
14,Joane,Stowe,Female,27301.36,true
15,Jeanelle,Haslehurst,Female,22691.35,false
16,Sammie,Malenoir,Male,35221.91,false
17,Horace,Guyot,Male,21897.84,true
18,De witt,McSporon,Male,20794.48,false
19,Kay,Annets,Female,23150.58,false
20,Veronika,Beesey,Female,27337.77,true
21,Willie,Smyth,Male,33221.42,true
22,Sully,Coger,Male,29773.55,false
23,Raynard,Maidment,Male,18086.08,true
24,Masha,Riha,Female,32669.32,true
25,Zonnya,Barthrop,Female,27004.10,false
26,Leola,Estrella,Female,16269.32,true
27,Kippy,Beernt,Male,37899.89,false
28,Cointon,Igglesden,Male,13628.74,true
29,Eward,Macci,Male,35630.77,false
30,Libbey,Van den Velde,Female,17641.12,true
31,Robina,Simmins,Female,39831.77,false
32,Brendan,Dowell,Male,24934.76,false
33,Reilly,Topling,Male,28070.29,false
34,Moss,Brownett,Male,36592.74,false
35,Barron,Milliken,Male,32314.04,false
36,Flora,Knowler,Female,25449.93,true
37,Gerrard,Giacoppo,Male,24587.72,false
38,Ber,Raftery,Male,23390.21,true
39,Martino,Grubb,Male,26793.27,false
40,Allsun,Southward,Female,34987.48,false
41,Gilberte,Orto,Female,18446.92,false
42,Esteban,O'Suaird,Male,38088.10,true
43,Micki,Chatres,Female,32993.05,true
44,Ade,Rostern,Male,21146.98,true
45,Gwenette,Lilly,Female,24963.63,false
46,Yvor,Edmeads,Male,22675.87,false
47,Towny,Anchor,Male,36896.13,true
48,Waldon,Woodman,Male,18223.88,true
49,Ellerey,Frake,Male,30120.08,true
50,Randolf,Austwick,Male,31980.47,true
51,Ginnie,Comini,Female,27142.69,true
52,Florette,Bittleson,Female,34393.68,true
53,Clevey,Barhams,Male,19619.42,true
54,Parsifal,Haquard,Male,39899.19,false
55,Cecilio,Sloey,Male,33318.24,true
56,Robin,Blaza,Male,14388.07,true
57,Michale,Limbrick,Male,25332.66,false
58,Bel,Mackilpatrick,Female,23156.01,true
59,Gipsy,Groombridge,Female,30697.34,true
60,Elvin,Feldhammer,Male,23493.13,false
61,Antons,Kissock,Male,16686.60,false
62,Maxi,Cullin,Female,17305.93,false
63,Mellicent,McCard,Female,32240.16,false
64,Odey,D'Aguanno,Male,15271.70,true
65,Cosmo,Hefferan,Male,24032.95,true
66,Madison,Arntzen,Male,24871.84,true
67,Filmer,Restill,Male,39975.30,false
68,Verge,Woodsford,Male,22113.24,false
69,Odella,Worrall,Female,33890.11,true
70,Catriona,Reyne,Female,28342.92,false
71,Janaye,Jacop,Female,14727.23,true
72,Annabela,Partrick,Female,39535.94,true
73,Leena,Bourges,Female,37240.98,false
74,Marlo,Bawdon,Male,26646.14,true
75,Mufinella,Covolini,Female,27121.69,false
76,Heath,McGilmartin,Male,20097.72,false
77,Ilse,Schimke,Female,37312.07,true
78,Tabby,McCloch,Female,22614.29,true
79,Dame,Gieraths,Male,33726.02,false
80,Horatia,Laughlin,Female,35302.35,false
81,Leigha,Joskovitch,Female,29270.20,true
82,Rhianon,Giovanazzi,Female,38397.48,false
83,Tawsha,Dottridge,Female,16337.35,true
84,Thornton,Lyon,Male,36283.27,true
85,Mignonne,Colliss,Female,37899.21,true
86,Elihu,Callcott,Male,23132.92,false
87,Aube,Witherden,Male,15906.29,false
88,Burt,Lynds,Male,21149.95,false
89,Sigvard,Stiff,Male,15838.88,false
90,Fergus,Garbett,Male,21272.83,false
91,Gabrila,Kobu,Female,18313.28,false
92,Ingaberg,Renn,Female,36539.78,false
93,Olva,Chevalier,Female,17082.91,true
94,Margarette,Barti,Female,18499.68,false
95,Zebadiah,Bault,Male,18078.72,false
96,Alford,Van Der Vlies,Male,17955.65,false
97,Elbertina,Terron,Female,28619.87,false
98,Derrik,Chapier,Male,21087.30,true
99,Mickie,McShee,Female,20466.65,false
100,Marja,Cosin,Female,24660.40,false
101,Elnore,Swyre,Female,23345.56,true
102,Dian,Enderlein,Female,23247.07,false
103,Jacinta,Lyst,Female,39761.07,true
104,Matias,Benduhn,Male,38461.47,true
105,Kris,Spargo,Male,16893.10,true
106,Daphna,Gannaway,Female,27423.67,true
107,Berenice,Kellitt,Female,39876.38,true
108,Isidoro,Tanfield,Male,36808.80,false
109,Gusella,Waller-Bridge,Female,20129.46,false
110,Iggie,Esposi,Male,27881.41,true
111,Roselle,Sorro,Female,26254.32,false
112,Leland,Pickrell,Male,27279.89,false
113,Antoine,Camilli,Male,19549.65,true
114,Marlow,de Guise,Male,31194.74,false
115,Ardra,Parlett,Female,34679.49,false
116,Adam,Poletto,Male,18905.27,false
117,Waldo,Mathewes,Male,36922.47,false
118,Bryna,Poletto,Female,36048.97,false
119,Blayne,Tourner,Male,17718.81,false
120,Beltran,Venturoli,Male,29994.01,false
121,Ruth,Crimes,Female,32090.12,true
122,Charisse,Scheffler,Female,13802.51,true
123,Gennie,Walton,Female,39853.62,true
124,Tammi,Downey,Female,23890.88,false
125,Dulce,Waterhowse,Female,18046.85,true
126,Nichole,Karlik,Female,20242.07,false
127,Alvy,Garie,Male,24432.06,true
128,Ellis,Bachman,Male,27834.18,true
129,Marlee,Pimlott,Female,14786.34,false
130,Jo ann,Incogna,Female,14601.17,false
131,Luciano,Muddicliffe,Male,31598.37,true
132,Ruby,Claeskens,Female,20551.38,true
133,Pacorro,Bletcher,Male,20234.23,false
134,Cele,Lidgertwood,Female,38115.58,false
135,Valli,Uccello,Female,20562.52,true
136,Pyotr,Coalbran,Male,33501.69,true
137,Alvan,Alexsandrev,Male,13643.74,true
138,Karolina,Autry,Female,16322.80,true
139,Brittan,Nucator,Female,31014.58,false
140,Clara,Febre,Female,21071.62,true
141,Tori,Arnot,Female,37765.50,true
142,Cordi,Gisby,Female,24946.43,false
143,Hedwig,Prentice,Female,26201.33,false
144,Rica,De Witt,Female,32697.65,false
145,Garvy,Lutz,Male,32755.03,false
146,Olav,Strete,Male,28642.14,true
147,Pamella,Petts,Female,21917.55,false
148,Lindie,Cookes,Female,29810.91,false
149,Trevar,Niesegen,Male,39372.12,true
150,Niles,Gallardo,Male,19393.94,false
151,Lars,Dullard,Male,33966.28,false
152,Elisabet,Cowill,Female,33246.81,false
153,Rozanna,McCulloch,Female,13273.47,false
154,Ilene,Tuberfield,Female,39356.71,true
155,Stanwood,Thompson,Male,32242.29,false
156,Bria,Seamans,Female,32541.09,false
157,Woody,Faichnie,Male,25069.78,false
158,Benyamin,Bett,Male,22714.83,false
159,Reynold,Wodeland,Male,21356.31,false
160,Robinett,McKain,Female,36333.18,true
161,Sigismond,Chesshyre,Male,17921.63,true
162,Fanni,Sankey,Female,29297.39,false
163,Jacynth,Exroll,Female,26330.81,true
164,Courtnay,McIlmurray,Female,38930.39,false
165,Merilyn,Shoute,Female,15117.32,false
166,Harley,Sabine,Male,16946.14,false
167,Britteny,Edgin,Female,35339.57,true
168,Cornall,Rhoddie,Male,27838.79,false
169,Arlyne,Dace,Female,23830.63,false
170,Derrick,Pervew,Male,36453.87,true
171,Ham,M'Barron,Male,15618.50,true
172,Una,Broader,Female,34300.71,true
173,Angeline,Seston,Female,19774.52,true
174,Leodora,Vautrey,Female,32989.11,true
175,Sutton,Dradey,Male,18489.91,true
176,Jessalin,Caustick,Female,35650.57,true
177,Austen,Gayforth,Male,35758.89,false
178,Iver,Yeardley,Male,21767.93,true
179,Vachel,Rablin,Male,34753.48,false
180,Sioux,Clibbery,Female,13853.98,true
181,West,MacMenamie,Male,32898.12,false
182,Ingaberg,Braemer,Female,35430.63,true
183,Weider,Barhims,Male,27263.50,true
184,Nonah,Gotcher,Female,13389.15,true
185,Webster,Duckering,Male,28201.21,true
186,Odelinda,Jenny,Female,37943.64,false
187,Wrennie,Nisuis,Female,33466.25,true
188,Tome,Farra,Male,17481.64,true
189,Lorianna,Hew,Female,13924.06,false
190,Frannie,Korba,Female,38812.50,true
191,Jeannie,Lipmann,Female,23564.21,true
192,Husain,Dealy,Male,17885.84,false
193,Andrei,Hanniger,Female,31294.45,true
194,Hector,Meiklam,Male,37964.31,false
195,Sheelagh,Rought,Female,27391.30,false
196,Clemence,Chavey,Female,31670.94,false
197,Lishe,Cleft,Female,36688.65,true
198,Berti,Lidyard,Female,24071.09,false
199,Marcos,Cashell,Male,19318.87,false
200,Courtenay,Smallman,Female,16616.32,false
201,Ephrayim,Edyson,Male,33276.27,false
202,Carla,Peret,Female,27082.88,true
203,Matty,Shorey,Male,21325.53,false
204,Erina,Edlyn,Female,16445.62,true
205,Hattie,Duffyn,Female,25306.36,false
206,Ondrea,Convery,Female,13564.25,true
207,Susanne,Huntriss,Female,27940.34,false
208,Ally,Furniss,Female,26545.45,true
209,Berty,Thunderman,Male,22787.43,true
210,Darla,Bohje,Female,17477.95,false
211,Keely,Pask,Female,28485.85,true
212,Laurice,Gullen,Female,27374.46,false
213,Kylen,Wordington,Female,21739.18,false
214,Ardis,Greenwell,Female,26448.64,false
215,Leoine,Errigo,Female,22125.65,true
216,Ingeberg,Jurgenson,Female,14080.03,true
217,Terra,Coltherd,Female,17631.82,false
218,Marven,Whelan,Male,39363.17,true
219,Damita,Ell,Female,36222.64,false
220,Edith,Stefi,Female,38605.68,true
221,Ad,Catterson,Male,15166.64,false
222,Wini,Hamshaw,Female,23533.31,false
223,Kristos,Kordova,Male,14371.00,true
224,Ignacius,Haughan,Male,29654.76,false
225,Lesya,Macilhench,Female,30733.16,true
226,Casandra,Bahike,Female,22215.94,true
227,Michel,Makin,Female,21554.37,false
228,Elane,Arntzen,Female,21243.12,true
229,Lyda,Austen,Female,32461.67,false
230,Rona,Mannooch,Female,38428.92,false
231,Reginald,Humbie,Male,30528.09,false
232,Titus,Tomasicchio,Male,37682.54,false
233,Leanna,Tythacott,Female,25860.73,false
234,Brinn,Schild,Female,37814.22,true
235,Ynez,Breckell,Female,31775.34,true
236,Gusti,Mahony,Female,35653.72,false
237,Simone,Jonk,Male,20450.93,false
238,Malvin,Bigg,Male,14275.35,false
239,Vanessa,Cardo,Female,23690.48,true
240,Geralda,Temporal,Female,30420.42,false
241,Trixi,Luxon,Female,25958.63,true
242,Nikolos,Warre,Male,26194.88,true
243,Merci,Brodeau,Female,24656.51,false
244,Chrissy,Wintle,Male,37271.90,false
245,Ermina,Rusling,Female,39599.78,false
246,Celestine,Malshinger,Female,32905.80,false
247,Torey,Roberto,Female,27766.14,false
248,Neysa,McCool,Female,29063.25,true
249,Brewer,Hing,Male,13969.35,true
250,Daven,Frake,Male,35240.16,false
251,Frankie,Danelut,Female,37217.20,true
252,Candide,Tytherton,Female,13542.10,false
253,Mic,Anfonsi,Male,23918.64,true
254,Sloan,Matonin,Male,16515.55,false
255,Laughton,Jendrusch,Male,17914.26,true
256,Abram,Najera,Male,37302.12,false
257,Nefen,Fain,Male,27552.30,false
258,Devon,Sharphouse,Female,31855.33,false
259,Alec,Thon,Male,37692.77,false
260,Karie,Rosendahl,Female,35420.18,false
261,Madel,Rottgers,Female,22255.83,true
262,Mason,Naptin,Male,20940.79,true
263,Rosemarie,Riccardelli,Female,38189.50,true
264,Jessy,Micah,Female,17829.96,false
265,Andros,Caudle,Male,35866.63,false
266,Elysee,Desvignes,Female,23770.87,true
267,Kristofor,Aggio,Male,36864.42,false
268,Heda,Moakson,Female,39442.68,false
269,Tomkin,Mayze,Male,37024.59,true
270,Andris,Younie,Male,30864.89,false
271,Munmro,Moxstead,Male,25189.78,true
272,Sayer,Proske,Male,39400.26,true
273,Gretna,O'Kennavain,Female,27814.07,true
274,Cobbie,Tidbold,Male,20898.06,true
275,Adham,Crellin,Male,16524.92,true
276,Osbourn,Boodle,Male,33636.50,true
277,Joni,Wedge,Female,39531.76,true
278,Simon,Girke,Male,29538.35,false
279,Hayward,Dick,Male,34521.28,false
280,Marvin,Budget,Male,26420.70,false
281,Osmond,Giraldo,Male,37453.91,false
282,Adelice,Tregiddo,Female,15538.87,false
283,Brett,Di Gregorio,Male,33414.46,false
284,Natka,Storkes,Female,24485.60,false
285,Michael,Gedge,Male,29978.83,false
286,Adrianna,Pomery,Female,33371.21,false
287,Celesta,Measom,Female,34670.94,true
288,Blondie,Fifield,Female,25274.82,true
289,Leroy,Bloggett,Male,31453.04,false
290,Bruno,Cuolahan,Male,16064.45,false
291,Thomas,Runsey,Male,34196.12,true
292,Dorelle,Spinelli,Female,33605.16,true
293,Lucy,Florey,Female,35319.28,true
294,Trudey,Gudgion,Female,28717.95,true
295,Andre,Coppock.,Male,15977.48,false
296,Quillan,MacKaig,Male,27488.61,true
297,Xavier,Kleynen,Male,39409.47,true
298,Reube,Scanterbury,Male,20589.25,true
299,Gillie,Epgrave,Female,30953.02,true
300,Jasun,Bakhrushkin,Male,23909.48,false
301,Cale,Gooderick,Male,20687.47,false
302,Irwin,Stivani,Male,27485.43,false
303,Loren,Courtonne,Female,20350.14,true
304,Sibbie,Errichelli,Female,39897.96,false
305,Abdul,Moreinu,Male,31255.61,true
306,Bobbe,Mushet,Female,30937.18,false
307,Nate,Couvet,Male,24995.97,true
308,Shelley,Diem,Female,27495.19,false
309,Christyna,MacDearmaid,Female,39964.27,false
310,Maurine,Knutsen,Female,18791.04,false
311,Friedrich,MacCarrane,Male,28632.84,true
312,Merla,Twydell,Female,26121.51,false
313,Lee,Champness,Male,30100.17,false
314,Juditha,Okenfold,Female,38559.96,true
315,Lynelle,Chamney,Female,26203.22,false
316,Adi,Jeffry,Female,30068.09,false
317,Sawyer,Castagnet,Male,39028.56,false
318,Giulia,Cansfield,Female,15285.83,false
319,Theressa,Cancelier,Female,21395.27,true
320,Wade,Knott,Male,16264.77,true
321,Kearney,Bramford,Male,17560.03,false
322,Barty,Megarry,Male,23203.02,true
323,Brew,Orange,Male,16739.61,true
324,Alejandro,Danielsky,Male,27554.11,true
325,Baryram,Chatburn,Male,38348.86,false
326,Levon,Bradd,Male,38553.57,false
327,Farlay,Laux,Male,30797.11,true
328,Jacki,Dailey,Female,25764.83,true
329,Munroe,Soppit,Male,24642.96,false
330,Arney,Terrans,Male,21646.33,true
331,Ahmad,Adanez,Male,18513.47,true
332,Clive,Haddacks,Male,28715.65,true
333,Egan,Persian,Male,32680.81,false
334,Cecil,Mawer,Female,38667.18,false
335,Clo,Fitzroy,Female,30383.10,false
336,Merridie,Josephov,Female,18964.26,true
337,Kingston,McCullogh,Male,13669.43,true
338,Pinchas,Bewley,Male,24070.29,false
339,Georgianne,Wenban,Female,22323.27,false
340,Linoel,Normanvill,Male,13867.44,false
341,Jerrie,Berdale,Male,29006.04,false
342,Jaquelyn,Esterbrook,Female,31924.15,true
343,Brewster,McGraith,Male,27126.41,false
344,Bambie,Lendon,Female,25021.31,true
345,Sherie,Ritchard,Female,20286.41,true
346,Monte,Tolefree,Male,25851.12,false
347,Boniface,Skeene,Male,28432.64,false
348,Sly,Sheen,Male,32487.40,true
349,Maximo,Westbrook,Male,33368.60,false
350,Flory,Chopin,Male,28876.57,true
351,Dexter,Hanscomb,Male,37842.05,false
352,Vidovic,O'Garmen,Male,34281.85,false
353,Diane-marie,Acey,Female,35478.78,true
354,Tillie,Baldazzi,Female,37563.11,false
355,Doretta,Warham,Female,26246.67,true
356,Garrett,Thackham,Male,20103.91,false
357,Reynard,Lowles,Male,13701.84,true
358,Mala,Braunle,Female,32872.61,true
359,Lindon,McLewd,Male,25854.05,false
360,Wildon,Josefsen,Male,36410.28,true
361,Celesta,Marvin,Female,39668.83,false
362,Kassia,Hitzschke,Female,20549.28,true
363,Tybalt,Trubshawe,Male,20282.20,false
364,Darnall,Ornells,Male,38185.99,false
365,Elwyn,Pamment,Male,36712.51,false
366,Gloriane,Gendricke,Female,34803.21,false
367,Rani,Sealand,Female,24334.92,false
368,Nata,Flagg,Female,20995.74,true
369,Cesare,Lamb,Male,36218.43,false
370,Kev,Hambidge,Male,18813.08,true
371,Juieta,Dymoke,Female,20551.99,false
372,Hilda,Lemerle,Female,38245.46,true
373,Wood,Francesconi,Male,37834.83,false
374,Ruthi,Attarge,Female,30397.18,true
375,Dierdre,Mapledoore,Female,22473.42,false
376,Leonidas,Fredi,Male,35700.67,false
377,Eustace,Windless,Male,18679.36,true
378,Pollyanna,Lockey,Female,34665.60,false
379,Caressa,Crosfield,Female,19996.71,true
380,Harvey,Henke,Male,38996.29,true
381,Bunnie,Bullick,Female,27896.50,true
382,Gaven,Crookes,Male,26646.77,false
383,Gennifer,Lemerle,Female,32564.11,true
384,Arne,Robez,Male,18425.98,false
385,Cheryl,Stoneman,Female,33751.83,true
386,Iorgo,Heigl,Male,15332.28,false
387,Elfrida,Legrand,Female,14734.31,true
388,Murdock,Jermyn,Male,14723.79,false
389,Dominique,MacLaverty,Male,37306.40,false
390,Debbie,Behnecken,Female,16622.02,false
391,Josi,Kelleway,Female,16527.17,false
392,Marylynne,Hegarty,Female,39736.58,true
393,Matthus,Abramin,Male,35136.60,true
394,Adamo,Caught,Male,34375.37,false
395,Ondrea,Tille,Female,16226.40,true
396,Lind,Kahan,Female,39520.85,true
397,Erhart,Freeborne,Male,16163.77,true
398,Juana,Gillebride,Female,25615.96,false
399,Fionnula,Scandrite,Female,22185.09,true
400,Brynne,Goshawke,Female,23767.55,false
401,Paule,Jirick,Female,18608.64,true
402,Rachael,Yegorkin,Female,31394.21,false
403,Francisca,Ruggles,Female,22068.52,false
404,Anne-corinne,Sutliff,Female,26470.29,true
405,Doy,Earl,Male,19555.85,false
406,Bessy,Seaking,Female,25521.63,true
407,Fair,Johnes,Male,24911.49,false
408,Ynez,De Avenell,Female,14839.55,false
409,Cleopatra,Bernon,Female,31171.51,true
410,Rivi,Buttriss,Female,16466.54,true
411,Domeniga,Dumbrill,Female,34458.79,false
412,Nike,Hogbourne,Female,33046.03,false
413,Sissie,Trobe,Female,14299.09,false
414,Jerrylee,Brearley,Female,20982.93,true
415,Drake,Bernardoux,Male,31967.59,true
416,Mona,Czajka,Female,26694.23,true
417,Robinson,Vallow,Male,22965.15,false
418,Thomasina,Carroll,Female,31195.76,false
419,Mortimer,Whitmore,Male,25722.85,false
420,Koral,Steffans,Female,17333.97,false
421,Glenn,Rodgier,Female,34251.32,true
422,Melina,Gifford,Female,22678.09,true
423,Mae,Mitro,Female,28299.92,true
424,Conni,Richardes,Female,30361.60,true
425,Rosette,Earpe,Female,35584.85,true
426,Eldridge,Johnys,Male,20506.59,true
427,Shae,Husband,Female,25369.20,true
428,Cindelyn,Sinson,Female,25227.97,true
429,Claiborn,Upshall,Male,32269.47,false
430,Caz,Kybbye,Male,33332.80,true
431,Noe,Calderon,Male,17034.83,false
432,Shermie,Gwyther,Male,19792.22,false
433,Martynne,Cord,Female,37605.68,true
434,Zuzana,Seifert,Female,17389.85,true
435,Sully,Marritt,Male,32798.91,true
436,Adolph,Crumley,Male,26556.34,true
437,Even,Rolf,Male,14589.55,true
438,Dennis,Franses,Male,29989.76,true
439,Van,Slocumb,Male,24860.79,true
440,Marlane,Brownjohn,Female,38385.96,true
441,Kayle,Bello,Female,31346.82,false
442,Jacki,Taylor,Female,13846.71,false
443,Ford,Belasco,Male,15057.17,false
444,Antonietta,Able,Female,22719.92,true
445,Modesta,Songust,Female,20551.74,true
446,Abbott,Wibrow,Male,25274.42,false
447,Jasper,Izchaki,Male,18880.53,true
448,Carmina,Sayton,Female,34089.95,false
449,Charmian,Dudliston,Female,25601.95,true
450,Lowell,Keijser,Male,31702.04,true
451,Armstrong,Leemans,Male,33818.93,true
452,Felicio,Cloutt,Male,14116.96,true
453,Bel,Attrie,Female,17398.08,false
454,Nefen,Siflet,Male,27214.70,true
455,Charmain,Wand,Female,20181.51,false
456,Kalvin,Northrop,Male,30747.51,true
457,Fredric,Writtle,Male,35906.53,false
458,Rosina,Marlow,Female,37985.80,true
459,Clovis,Spenley,Female,37288.25,true
460,Brendon,Laughlin,Male,24184.23,false
461,Lock,Yirrell,Male,18862.89,true
462,Saba,Devanny,Female,25996.61,false
463,Jacob,Stowte,Male,39442.45,false
464,Weston,Roobottom,Male,14512.81,true
465,Rubetta,Robison,Female,14100.91,false
466,Linet,Sommer,Female,31537.04,false
467,Bobine,Yoselevitch,Female,16964.70,false
468,Marlyn,Dye,Female,25493.93,false
469,Merry,Tomkiss,Male,23555.43,true
470,Iseabal,Blanckley,Female,28474.05,false
471,Lay,Hun,Male,20591.55,true
472,Tedmund,Demanche,Male,31312.89,true
473,Luisa,Gino,Female,18926.47,false
474,Burch,McGeechan,Male,36499.81,false
475,Blithe,Hardison,Female,21356.61,true
476,Freida,Kundert,Female,21648.44,false
477,Milly,Pole,Female,13625.11,true
478,Betsy,Bertlin,Female,14918.91,true
479,Constantino,Eyckelbeck,Male,24182.10,true
480,Cristine,Ballintime,Female,23922.06,true
481,Broderic,Penhalurick,Male,27281.03,false
482,Davine,Pigott,Female,14719.07,false
483,Creigh,Ezzle,Male,32216.50,true
484,Dela,Foottit,Female,37526.03,false
485,Jacenta,Blesing,Female,32971.48,false
486,Wiley,Dring,Male,38499.24,false
487,Nora,Andrioli,Female,21508.52,false
488,Jayme,Greated,Male,26100.46,true
489,Rayner,Carvill,Male,14235.82,true
490,Astrid,Edds,Female,21387.47,false
491,Donavon,Ellingham,Male,25786.35,true
492,Sapphire,Danilovich,Female,16381.40,false
493,Tatiania,Riepl,Female,38699.26,false
494,Chicky,Glasscoo,Female,33046.91,false
495,Margareta,Brader,Female,22372.13,false
496,Edgard,Chaucer,Male,17432.50,false
497,Molly,Kornyakov,Female,33370.63,false
498,Otis,Pentland,Male,33939.87,false
499,Babb,Connor,Female,20631.34,false
500,Ettie,Werndly,Female,35224.19,true
501,Amerigo,Kundert,Male,18470.68,true
502,Barnie,Bortol,Male,29358.41,true
503,Luci,Willbourne,Female,23300.16,false
504,Cele,De Ferrari,Female,22527.81,true
505,Brana,Siggee,Female,38087.34,false
506,Waverley,McNeice,Male,19296.15,false
507,Lorna,Christiensen,Female,33509.99,true
508,Mersey,Pfaffe,Female,23381.22,true
509,Pascal,Meiklam,Male,39228.40,false
510,Wood,Milroy,Male,34997.78,true
511,Vonny,Creane,Female,21896.27,true
512,Dalis,Kubach,Male,39102.97,false
513,Antonius,Dyka,Male,31743.93,false
514,Renae,Goodwill,Female,28527.16,false
515,Eustace,Matkin,Male,24083.29,true
516,Jorge,Mungan,Male,37450.51,false
517,Lin,Axten,Female,30103.22,true
518,Maiga,Saur,Female,16702.73,false
519,Dulcinea,Patchett,Female,24054.62,true
520,Joete,Gerold,Female,18779.25,true
521,Deloris,O'Donnell,Female,15755.29,true
522,Shalom,Garman,Male,26096.55,false
523,Stefan,Scotcher,Male,18187.80,false
524,Krissy,Cornewell,Female,31461.36,false
525,Anne-corinne,Stoffel,Female,32886.64,false
526,Orton,Neely,Male,15476.28,false
527,Shandee,McQueen,Female,29388.96,false
528,Marlo,Ilyukhov,Male,32190.07,false
529,Karel,Siely,Male,23566.64,true
530,Rolf,Kittley,Male,32758.11,true
531,Emmery,Cushelly,Male,14127.82,true
532,Onfre,Wyard,Male,29966.73,false
533,Shandie,Shurrocks,Female,36838.64,true
534,Marten,Lightbowne,Male,33764.47,false
535,Dun,Gail,Male,30302.57,false
536,Germaine,McFade,Male,36888.05,false
537,Patrice,Crayk,Female,39233.84,false
538,Shandra,Stevings,Female,31404.84,false
539,Nehemiah,Dysert,Male,23008.12,false
540,Liam,Griss,Male,15599.92,true
541,Wileen,Waterdrinker,Female,21057.33,true
542,Philis,Towndrow,Female,35109.59,false
543,Durant,Athey,Male,13516.40,true
544,Elise,Sennett,Female,37756.12,true
545,Barry,Speight,Male,15832.57,false
546,Ruddie,MacFayden,Male,19952.41,false
547,Shannon,Borwick,Male,24818.79,false
548,Gabie,Lashford,Female,31501.81,true
549,Ricca,Johnes,Female,25518.48,true
550,Tasha,Quarry,Female,19390.30,false
551,Nev,Jackson,Male,30219.08,false
552,Tillie,Figge,Female,17987.26,false
553,Ophelie,William,Female,39829.19,true
554,Nickola,Farndon,Male,31239.47,false
555,Jedidiah,Tomaszewicz,Male,17331.41,true
556,Dudley,Barritt,Male,26690.66,true
557,Bennie,Jurn,Female,31682.23,true
558,Caritta,Jansie,Female,37966.57,true
559,Devy,Tebbutt,Male,21948.25,true
560,Aldo,O'Doherty,Male,38380.12,false
561,Maurie,Whiteway,Male,22240.74,true
562,Claudette,Stooke,Female,28361.52,true
563,Deny,Huband,Female,37880.70,false
564,Willie,Kincade,Male,36700.47,false
565,Free,Kinge,Male,13460.24,false
566,Selena,Joyes,Female,25163.43,true
567,Birdie,Penburton,Female,22893.84,true
568,Shelby,Newlyn,Male,26389.72,false
569,Karry,Curl,Female,24786.55,true
570,Baxter,Castillo,Male,27395.61,true
571,Felicia,Gaish,Female,29964.84,true
572,Dusty,Powton,Female,29773.17,true
573,Antoine,Smithson,Male,19269.65,false
574,Stesha,Raitt,Female,26932.33,true
575,Kaleb,Clare,Male,29716.82,true
576,Demetra,Box,Female,39796.66,false
577,Lynsey,Bownd,Female,13722.97,false
578,Shane,Petley,Male,36010.42,true
579,Odette,Lockless,Female,35410.96,true
580,Clerkclaude,Newdick,Male,14165.23,false
581,Annetta,Crus,Female,23611.88,false
582,Sharla,Kelsall,Female,27071.24,true
583,Joletta,Tomasini,Female,20854.38,true
584,Aidan,Lies,Female,26621.54,true
585,Jasun,Tavinor,Male,13756.51,true
586,Adlai,Jiroutka,Male,38699.52,true
587,Thor,McEwen,Male,37168.96,true
588,Theo,Schooley,Female,33576.04,false
589,Cathleen,MacArthur,Female,33191.90,false
590,Marissa,Challender,Female,20145.06,false
591,Karlan,Goathrop,Male,18871.76,true
592,Adi,Matuszyk,Female,13807.23,false
593,Gerda,Cranidge,Female,23729.78,false
594,Pen,De la Yglesias,Male,19103.86,true
595,Michail,Leyfield,Male,19428.36,true
596,Seumas,Randles,Male,22485.32,true
597,Jermayne,Skerm,Male,23994.84,true
598,Mack,Gyves,Male,20027.80,false
599,Jenna,Pipet,Female,33442.03,true
600,Mufinella,Bampton,Female,18823.06,false
601,Brew,Blaxlande,Male,14313.97,false
602,Gordon,Jukubczak,Male,37447.08,true
603,Shayla,Bayless,Female,22369.38,true
604,Abagail,Camplin,Female,32127.24,false
605,Arlen,Enga,Female,20957.11,true
606,Ines,Elgey,Female,23612.26,true
607,Niccolo,Frizzell,Male,39374.78,true
608,Raleigh,Durdy,Male,33293.10,false
609,Leonid,MacFaell,Male,28637.14,true
610,Letisha,Buer,Female,33910.63,false
611,Dee,Adan,Female,32232.92,true
612,Drucy,Maggi,Female,37263.03,false
613,Mellisent,Conklin,Female,13577.78,true
614,Finley,Ilott,Male,38791.49,false
615,Maudie,Elger,Female,21731.89,false
616,Dante,Alltimes,Male,30677.95,false
617,Peggy,Blanket,Female,14543.48,true
618,Garland,Redihough,Female,34367.58,false
619,Genvieve,Kee,Female,37396.34,true
620,Lowell,Philpault,Male,34871.21,false
621,Nancee,Allom,Female,24418.32,false
622,Haroun,Karlik,Male,14623.46,false
623,Rodrigo,Erat,Male,34505.22,false
624,Patti,Tomich,Female,26021.63,true
625,Udall,Chaperlin,Male,20401.53,true
626,Phoebe,Normant,Female,22335.19,true
627,Norby,Pedder,Male,16437.70,true
628,Zerk,Armour,Male,16032.82,false
629,Jeniffer,Treat,Female,25868.45,false
630,Roslyn,Brandsen,Female,20659.01,false
631,Nicol,Pina,Female,38143.76,false
632,Boony,Ikin,Male,32971.31,true
633,Cathlene,Folliss,Female,20824.63,true
634,Ariella,Meakin,Female,27587.27,true
635,Veradis,Lutz,Female,21452.57,true
636,Meade,Dybell,Male,23004.18,true
637,Lanny,Bransom,Male,14763.24,false
638,Maje,Lemmertz,Male,30846.47,true
639,Chip,Stonnell,Male,33943.36,false
640,Pamela,McMyler,Female,14189.45,true
641,Arluene,Kale,Female,28748.04,true
642,Brendis,Musk,Male,32112.98,false
643,Karry,Branchett,Female,16586.34,true
644,Melisandra,Krause,Female,26282.66,false
645,Hakim,Hapgood,Male,16161.28,false
646,Amanda,Riden,Female,20072.29,false
647,Dannie,Stanbrooke,Female,34413.36,false
648,Vanda,Cron,Female,24172.49,true
649,Mack,Wipper,Male,38266.61,true
650,Chrystel,Cassely,Female,32740.63,false
651,Dehlia,Lackie,Female,36389.50,false
652,Tait,Flute,Male,15925.56,false
653,Hetty,Neathway,Female,24359.42,false
654,Wolfgang,Holde,Male,27723.43,false
655,Jessie,Fearns,Male,24998.24,false
656,Stepha,Kilpatrick,Female,27179.72,true
657,Rosemary,Kedward,Female,37849.39,true
658,Kandy,Habert,Female,25129.89,false
659,Hansiain,Waterhowse,Male,19720.79,true
660,Enos,Annion,Male,17502.76,true
661,Vera,Ricold,Female,25840.02,false
662,Mile,Hurle,Male,34678.61,true
663,Gisella,Sanson,Female,26349.82,false
664,Brandon,Machans,Male,32348.25,true
665,Craig,Zorzenoni,Male,34146.47,false
666,Lilli,Adams,Female,19807.17,true
667,Marie-ann,Fritchly,Female,23133.75,true
668,Waverley,Rodders,Male,34728.70,false
669,Wally,Schirok,Female,33564.52,true
670,Amory,Angrave,Male,13616.60,true
671,Gladi,MacGorley,Female,30809.05,false
672,Gregorius,Waylen,Male,19709.13,false
673,Davin,Johns,Male,27995.30,false
674,Brody,Size,Male,25458.62,false
675,Kane,Sheirlaw,Male,15150.23,true
676,Dani,Harbour,Female,34202.38,false
677,Alanah,Wewell,Female,27053.33,true
678,Roderich,Safe,Male,34397.12,false
679,Gray,Fisher,Male,22419.07,true
680,Lizette,Bezley,Female,17765.12,true
681,Hillery,Cartin,Male,16520.05,false
682,Marcellus,Frarey,Male,21373.25,true
683,Brynne,Tetlow,Female,33668.89,true
684,Benedikta,Batch,Female,29856.52,false
685,Kaine,Vahey,Male,36849.73,true
686,Katina,Charlson,Female,15201.19,false
687,Theodor,Dadge,Male,26749.59,false
688,Lyndel,Powlesland,Female,14266.06,true
689,Loy,Lochran,Male,34996.56,false
690,Hallie,Ezzy,Female,31546.52,false
691,Valerye,Semrad,Female,30752.40,true
692,Alis,O' Lone,Female,15413.94,true
693,Dru,Dymock,Female,31946.48,true
694,Morena,Imos,Female,14820.23,false
695,Jamal,Lighten,Male,37337.37,false
696,Ashlen,Casotti,Female,21858.27,false
697,Kassandra,Gosson,Female,38433.11,false
698,Peder,Harmston,Male,19126.78,false
699,Kiersten,McCard,Female,33597.96,true
700,Garik,Haugh,Male,13832.04,false
701,Steven,Kapiloff,Male,33111.46,false
702,Robinette,Dysert,Female,24092.02,true
703,Aurlie,Clowes,Female,20076.33,false
704,Odey,Gadie,Male,13864.82,true
705,Killy,Shemmans,Male,37730.89,true
706,Horten,Walklott,Male,37025.58,false
707,Town,Melledy,Male,17849.54,false
708,Gerda,Delahunty,Female,32190.13,true
709,Nilson,Murcott,Male,24382.58,true
710,Robbi,MacKeeg,Female,27228.36,true
711,Hynda,Nortunen,Female,32015.50,true
712,Pearl,Lohan,Female,28653.88,false
713,Laina,Ghelardoni,Female,36659.49,true
714,Nicholas,Begent,Male,32989.27,false
715,Beverley,Wyche,Female,19498.71,true
716,Ginelle,Jozsef,Female,20691.97,true
717,Arvin,Lowers,Male,39708.44,true
718,Tresa,Sutherland,Female,35839.83,false
719,Sterling,Sharer,Male,39603.46,true
720,Zane,Huerta,Male,38215.92,false
721,Dell,Kryzhov,Female,16091.35,true
722,Kinnie,Axtell,Male,28169.03,true
723,Borg,Paiton,Male,23385.62,false
724,Margareta,Caunt,Female,20440.72,false
725,Darill,Paull,Male,33000.94,false
726,Weber,McLarty,Male,35276.34,false
727,Vita,Aarons,Female,17742.67,true
728,Retha,Antoons,Female,37799.53,true
729,Zita,Dy,Female,23393.76,false
730,Briant,McLaine,Male,22933.37,true
731,Kimberlee,Skynner,Female,33871.99,true
732,Ignazio,Sigg,Male,34712.76,true
733,Ulrica,Spur,Female,18465.58,true
734,Darn,Twyning,Male,34741.58,false
735,Hedwiga,Fleg,Female,17521.06,false
736,Goddard,Broadfoot,Male,24982.59,true
737,Giustina,Rugieri,Female,24370.86,true
738,Bobby,Keilloh,Female,24709.21,true
739,Culver,Jaher,Male,27921.32,true
740,Storm,Cassius,Female,21312.30,false
741,Irina,Satchell,Female,20785.69,true
742,Carri,Merida,Female,14606.02,true
743,Kikelia,Joskowitz,Female,17864.15,true
744,Jody,Bibb,Male,13220.02,false
745,Sonja,Von Helmholtz,Female,23925.79,true
746,Fielding,Jurisch,Male,19329.29,false
747,Eziechiele,Hayth,Male,39090.03,true
748,Martie,Reddington,Male,22421.59,true
749,Othilie,Ansill,Female,21997.74,false
750,Emmeline,Grinsdale,Female,39966.73,true
751,Rainer,Thibodeaux,Male,26687.42,true
752,Fons,Gipp,Male,22869.32,false
753,Seline,Tomaszynski,Female,36753.46,false
754,Vivianna,Bust,Female,18389.53,true
755,Helge,Satterfitt,Female,25237.45,false
756,Ericha,Irons,Female,28773.11,true
757,Marianna,Kingsmill,Female,28703.47,false
758,Clemmy,McGoon,Male,28384.04,true
759,Filberto,Broe,Male,13679.96,true
760,Janka,Callow,Female,14136.88,true
761,Marice,Morteo,Female,37628.42,true
762,Alika,Wasling,Female,28744.52,false
763,Cosette,Andreassen,Female,37723.52,true
764,Benoite,Lenham,Female,35898.53,true
765,Lowell,Dignall,Male,33963.56,false
766,Caspar,Menhenitt,Male,30198.06,true
767,Glory,Monsey,Female,20736.96,true
768,Ivette,Samwayes,Female,14050.45,true
769,Sylvan,Warbey,Male,37700.04,false
770,Mady,Circuitt,Female,39492.19,true
771,Miran,Fuster,Female,28672.44,true
772,Glen,Bebbell,Male,16382.41,true
773,Terrell,Droogan,Male,30952.22,true
774,Mycah,Rappa,Male,25251.91,false
775,Lyssa,Concklin,Female,37540.08,false
776,Perice,Cansdale,Male,14498.71,false
777,Kiel,House,Male,33902.32,false
778,Joelynn,Banat,Female,38244.62,false
779,Noelyn,Mongeot,Female,39192.58,true
780,Orran,Kubach,Male,32051.30,false
781,Craig,Ayto,Male,17126.42,false
782,Terrye,Mocker,Female,30586.20,false
783,Gabbi,Bartosinski,Female,32360.71,false
784,Phillip,Matuschek,Male,32223.90,false
785,Gypsy,Pinfold,Female,34093.98,true
786,Michal,De Angelis,Female,22732.57,false
787,Raffarty,Stranahan,Male,39945.68,true
788,Bordie,Pidgen,Male,17999.47,false
789,Tammie,MacCawley,Female,24652.23,true
790,Gan,Pirrie,Male,32600.71,true
791,Darius,Heis,Male,19493.15,false
792,Janeva,Beament,Female,28247.54,false
793,Davide,Caramuscia,Male,26282.78,true
794,Melvin,Tearney,Male,22605.01,false
795,Brooke,Attawell,Female,34176.93,false
796,Marcia,Hartgill,Female,21273.68,true
797,Joana,Synnot,Female,14953.80,true
798,Wenonah,Dealy,Female,34060.14,false
799,Sherill,Presswell,Female,25144.44,false
800,Rosabel,Clifforth,Female,20228.24,true
801,Melodee,Avramovic,Female,21443.61,false
802,Dru,Ellershaw,Male,16935.07,true
803,Charmaine,Eickhoff,Female,20394.46,true
804,Lilli,Grellis,Female,19734.20,false
805,Winston,Stanmer,Male,30532.84,false
806,Kiah,Haggarth,Female,25694.66,true
807,Jesse,Kinsella,Female,39459.51,true
808,Ardys,Proswell,Female,24933.80,true
809,Isidoro,Sammon,Male,35355.10,true
810,Gianna,Mattingley,Female,18631.96,true
811,Jorey,Cokely,Female,32320.21,false
812,Esdras,Brunicke,Male,17248.69,true
813,Amata,Kollaschek,Female,21630.17,true
814,Shirl,Guinery,Female,39173.82,false
815,Bartlet,Duckitt,Male,18788.32,true
816,Curr,Kobu,Male,35023.05,true
817,Franchot,Bence,Male,33778.90,false
818,Letizia,Barrat,Female,36104.13,true
819,Jeramie,Saywell,Male,13502.83,false
820,Zonda,Ranyard,Female,35329.96,true
821,Arron,Heyworth,Male,16224.24,true
822,Claus,Langthorne,Male,13981.67,true
823,Bobbie,MacKaile,Female,15208.73,false
824,Barbi,Shorten,Female,26132.65,true
825,Maddalena,Napoli,Female,27451.24,false
826,Jacklyn,Harte,Female,24314.77,true
827,Appolonia,Giggs,Female,14754.29,false
828,Ewen,Houchin,Male,16449.58,true
829,Quintin,Straine,Male,33227.83,true
830,Barnett,Craiker,Male,33590.88,true
831,Cecil,de Courcey,Female,37208.15,true
832,Gerri,Lassen,Female,18985.23,true
833,Gabey,Rosenbaum,Female,31082.23,false
834,Burtie,Heugle,Male,25781.01,true
835,Ronica,Sawforde,Female,29825.39,false
836,Sammie,Rickeard,Male,36602.82,false
837,Emelina,Joselson,Female,25663.37,false
838,Beaufort,Rosekilly,Male,30974.30,true
839,Emelda,Shackelton,Female,16075.41,true
840,Gianna,Cleere,Female,35934.31,true
841,Ron,Pitchers,Male,38692.12,false
842,Taber,Bleasby,Male,32244.74,false
843,Hirsch,Kendall,Male,14030.27,true
844,Jorry,Folder,Female,13725.00,false
845,Agnella,Touson,Female,17808.04,true
846,Stoddard,Liebermann,Female,13992.18,false
847,Rania,Powers,Female,34380.00,true
848,Paola,Windows,Female,15147.04,true
849,Wheeler,Minchinden,Male,29677.69,false
850,Marcellus,Alben,Male,28232.77,false
851,Rolando,Bertwistle,Male,26493.54,true
852,Izzy,Keavy,Male,15374.31,false
853,Victoir,Bowmer,Male,29847.74,false
854,Stanwood,Ambresin,Male,29479.50,true
855,Christel,Horwell,Female,21992.41,false
856,Thayne,Priddle,Male,21909.41,false
857,Demetre,Arblaster,Male,25968.36,true
858,Rasia,Spore,Female,17752.72,false
859,Blakeley,Thornborrow,Female,30810.31,true
860,Gardiner,Corballis,Male,13323.98,true
861,Hakeem,Ozanne,Male,14192.80,true
862,Nettie,McElvogue,Female,13550.82,true
863,Fey,Ashdown,Female,27849.98,false
864,Noland,Philipsen,Male,34202.08,false
865,Ceciley,Priestland,Female,32804.20,false
866,Ross,Higgoe,Male,39253.35,true
867,Claudianus,Harhoff,Male,32182.92,true
868,Linn,Boggs,Male,34908.44,false
869,Linus,Rickardes,Male,22609.98,false
870,Patrice,Vivers,Male,23400.08,true
871,Warren,McClaurie,Male,14276.15,false
872,Amalia,Ivushkin,Female,31996.85,true
873,Evelyn,Shillaker,Female,29718.85,true
874,Myron,O'Sheils,Male,13265.41,true
875,Amargo,Ruggs,Female,31256.23,false
876,Patin,Daynter,Male,16497.91,false
877,Winfield,Cressingham,Male,17849.92,true
878,Janella,Mattiazzo,Female,32789.31,true
879,Maximilian,Aronsohn,Male,25285.41,true
880,Sula,Hambelton,Female,21215.56,true
881,Gilemette,Dignum,Female,17761.20,true
882,Haily,Rodmell,Male,37000.79,false
883,Nettie,Bovey,Female,23592.34,false
884,Valina,Richfield,Female,18617.31,false
885,Barry,Walcher,Male,24867.98,true
886,Zorine,McNern,Female,29906.64,true
887,Lydie,Haglinton,Female,34272.60,true
888,Liane,Tetford,Female,20373.33,true
889,Storm,Beminster,Female,17251.59,true
890,Sara,Thornbarrow,Female,30121.02,false
891,Kort,Simanek,Male,15219.62,true
892,Ranee,Iacovuzzi,Female,21582.25,false
893,Annie,Melburg,Female,30488.42,false
894,Millard,MacCome,Male,31597.12,false
895,Laughton,Walisiak,Male,20070.52,false
896,Trenton,Reed,Male,15042.72,true
897,Katrinka,Ivanaev,Female,21943.39,true
898,Carmen,Shord,Female,38071.67,true
899,Leeann,D'Onisi,Female,25326.24,false
900,Alyssa,Billingham,Female,32300.00,true
901,Maridel,Kainz,Female,38398.84,false
902,Dougy,Rodolphe,Male,36157.43,false
903,Jobyna,Sodor,Female,36397.32,false
904,Bonnibelle,Cubin,Female,39179.23,true
905,Jereme,Danilchenko,Male,38597.25,true
906,Charil,Van den Hof,Female,20799.09,true
907,Godwin,Kingsley,Male,26860.90,true
908,Durante,Bonifant,Male,30180.12,true
909,Adriana,Gowry,Female,24482.52,true
910,Korella,Kleinsinger,Female,22710.28,false
911,Claudine,Elliston,Female,21430.90,false
912,Tallulah,Vsanelli,Female,28274.08,true
913,Gabriell,Mowatt,Female,17785.76,true
914,Yorgo,Gunthorpe,Male,37064.54,false
915,Neddy,Tampling,Male,27940.96,false
916,Tamarah,Zimmermeister,Female,33625.28,true
917,Julissa,Rayworth,Female,25615.81,false
918,Adda,Spellecy,Female,38249.19,true
919,Shanie,Keaveny,Female,32651.67,false
920,Flori,Souch,Female,28120.15,true
921,Kain,Barnsdall,Male,22306.89,false
922,Mahmoud,Stollman,Male,35789.71,true
923,Carney,Tolussi,Male,32586.27,false
924,Lise,Skupinski,Female,28628.72,true
925,Lusa,Paxforde,Female,13391.28,true
926,Win,Donat,Male,39968.90,false
927,Nixie,Hercules,Female,26476.20,true
928,Evan,McCluskey,Male,36971.27,true
929,Sullivan,Melan,Male,39593.09,false
930,Roman,Cobbald,Male,38841.86,true
931,Tod,Persence,Male,20924.91,true
932,Isac,Joist,Male,31427.33,true
933,Norry,Suston,Female,35596.06,true
934,Laurens,Bogace,Male,38713.27,false
935,Emma,Mell,Female,27353.93,true
936,Henrieta,Joly,Female,29652.72,true
937,Brandi,Gillyett,Female,15712.29,true
938,Kit,Engelbrecht,Male,26444.60,false
939,Juliette,Swale,Female,14513.51,false
940,Blakeley,Edgeon,Female,37547.87,false
941,Paddie,Peet,Male,37734.42,false
942,Urbanus,Adriani,Male,13675.24,true
943,Hatti,Summerrell,Female,16723.18,true
944,Vinnie,Smedmoor,Female,35623.24,true
945,Guthrey,Heild,Male,34200.58,true
946,Abbe,Juliano,Male,26167.26,true
947,Garvy,Beeton,Male,13526.50,false
948,Lombard,Pankethman,Male,26103.31,false
949,Clayton,Gini,Male,36520.32,true
950,Walther,Vondracek,Male,21232.24,false
951,Ezekiel,Simcox,Male,36948.29,false
952,Merralee,Houldcroft,Female,39503.15,false
953,Kerrie,Cooling,Female,17113.04,true
954,Gustav,Burberye,Male,18164.26,true
955,Rebe,Timeby,Female,36378.03,true
956,Nelson,Myrick,Male,15969.21,true
957,Germain,Hansed,Female,32325.01,false
958,Nolana,Pichan,Female,19388.22,false
959,Brien,Erdes,Male,17757.38,false
960,Rebeca,Reader,Female,20442.33,true
961,Nadean,Renshaw,Female,29716.19,true
962,Rab,Wedmore,Male,29152.96,false
963,Erl,Screaton,Male,39172.15,true
964,Taddeusz,Kupper,Male,24427.42,true
965,Tan,Carriage,Male,23692.38,false
966,Lauree,Harrower,Female,20301.68,false
967,Gianina,Brimmicombe,Female,18892.28,true
968,Paddy,Coslett,Male,25857.16,true
969,Kattie,Hasard,Female,25034.96,false
970,Eadie,Blackeby,Female,16651.77,true
971,Madelin,Cusworth,Female,21922.35,true
972,Renell,Cragell,Female,22828.58,true
973,Tomi,Pachta,Female,26189.71,true
974,Fianna,Luckham,Female,22989.01,true
975,Alisa,Jerrome,Female,14913.68,true
976,Orrin,Conor,Male,19431.51,false
977,Reginald,Bayle,Male,39176.84,false
978,Thatcher,Frowde,Male,27908.27,false
979,Caye,Collomosse,Female,36357.10,false
980,Romonda,Bodker,Female,34482.03,false
981,Dagny,Clitsome,Male,15733.54,true
982,Laurianne,Cosh,Female,35339.15,true
983,Neron,Bilsland,Male,31457.03,false
984,Annabell,Sans,Female,23500.33,false
985,Antone,Benmore,Male,13165.41,false
986,Darbee,Powner,Male,31939.95,true
987,Beryl,Hantusch,Female,29854.84,true
988,Sauncho,Macquire,Male,38459.27,true
989,Cherin,Crichmer,Female,14400.86,false
990,Karlens,MacCurtain,Male,13889.11,false
991,Ludovico,Bourgeois,Male,25923.98,false
992,Ibby,Kringe,Female,20546.31,true
993,Darnell,McGonnell,Male,36422.95,false
994,Joli,Kreutzer,Female,28208.28,false
995,Lemmy,Hickford,Male,38507.90,false
996,Felice,Squibe,Male,26946.32,true
997,Alwyn,Ferbrache,Male,31035.33,false
998,Aluino,Bilverstone,Male,13495.68,true
999,Odelinda,Pidgley,Female,32179.55,false
1000,Raine,Innis,Female,39930.02,true
