{
  "_inherit": false,
  "_variables": {
    "@TitleSize": "16px",
    "@SubtitleSize": "15px",
    "@TextSize": "12px",
    "@FooterSize": "10px",
    "@TitleColor": "#280439",
    "@SubtitleColor": "#4A3D48",
    "@TextColor": "#888888",
    "@FooterColor": "#888888",
    "@BackgroundColor": "#F5F5E9",
    "@AxisMajorColor": "#4A3D48",
    "@AxisMinorColor": "#eeeeee"
  },
  "customStyles": [
    {
      "cssRef": "theme.css",
      "classRef": "sense-theme"
    }
  ],
  "color": "@TextColor",
  "fontSize": "@TextSize",
  "backgroundColor": "@BackgroundColor",
  "dataColors": {
    "primaryColor": "#987776",
    "othersColor": "#4A3D48",
    "errorColor": "#CC4000",
    "nullColor": "#CCCCCC"
  },
  "object": {
    "title": {
      "main": {
        "color": "@TitleColor",
        "fontSize": "@TitleSize"
      },
      "subTitle": {
        "color": "@SubtitleColor",
        "fontSize": "@SubtitleSize"
      },
      "footer": {
        "color": "@FooterColor",
        "fontSize": "@FooterSize",
        "backgroundColor": "#ffffff"
      }
    },
    "label": {
      "name": {
        "color": "@TextColor",
        "fontSize": "@TextSize"
      },
      "value": {
        "color": "@TextColor",
        "fontSize": "@TextSize"
      }
    },
    "axis": {
      "title": {
        "color": "@TextColor",
        "fontSize": "@TextSize"
      },
      "label": {
        "name": {
          "color": "@TextColor",
          "fontSize": "@TextSize"
        }
      },
      "line": {
        "major": {
          "color": "#eeeeee"
        },
        "minor": {
          "color": "#eeeeee"
        }
      }
    },
    "grid": {
      "line": {
        "highContrast": {
          "color": "#eeeeee"
        },
        "major": {
          "color": "#eeeeee"
        },
        "minor": {
          "color": "#eeeeee"
        }
      }
    },
    "referenceLine": {
      "label": {
        "name": {
          "color": "@TextColor",
          "fontSize": "@TextSize"
        }
      },
      "outOfBounds": {
        "color": "@TextColor",
        "backgroundColor": "#ffffff",
        "fontSize": "@TextSize"
      }
    },
    "legend": {
      "title": {
        "color": "@TextColor",
        "fontSize": "@TextSize"
      },
      "label": {
        "color": "@TextColor",
        "fontSize": "@TextSize"
      }
    }
  },
  "palettes": {
    "data": [
      {
        "name": "New dimension colors",
        "translation": "New dimension colors description",
        "propertyValue": "ot2n28",
        "type": "row",
        "scale": [
          "#987776",
          "#9b7896",
          "#266D82",
          "#8dc3c2",
          "#c6bebe"
        ]
      }
    ],
    "ui": [
      {
        "name": "New color picker color",
        "colors": [
          "#987776",
          "#4A3D48",
          "#266D82",
          "#684C72",
          "#F5F5E9",
          "#c6bebe"
        ]
      }
    ]
  },
  "scales": []
}